,BarcodeSequence,LinkerPrimerSequence,InputFastaFileName,Description,Run,sampleID_long,Project,sampType,SampleID,Plant_Number,raw_label,soil_status,root_association,block,precip,life_stage,trt
MERDSSG100,TATAGCGA+CTAGAGCT,TACGGTAGCAGAGACTTGGTCTGGACTACHVGGGTWTCTAAT,NA,Soils from MERDS Switchgrass pots,20190617_16S-V4_PE250,MERDS_SG_100,MERDS_SG,Pot,MERDSSG100,100,100-LR4aD,L,R,4,D,G,LR4aD
MERDSSG103,TATAGCGA+GCTCTAGT,TACGGTAGCAGAGACTTGGTCTGGACTACHVGGGTWTCTAAT,NA,Soils from MERDS Switchgrass pots,20190617_16S-V4_PE250,MERDS_SG_103,MERDS_SG,Pot,MERDSSG103,103,103-LR5aD,L,R,5,D,G,LR5aD
MERDSSG109,TATAGCGA+GACACTGA,TACGGTAGCAGAGACTTGGTCTGGACTACHVGGGTWTCTAAT,NA,Soils from MERDS Switchgrass pots,20190617_16S-V4_PE250,MERDS_SG_109,MERDS_SG,Pot,MERDSSG109,109,109-LB2aD,L,B,2,D,G,LB2aD
MERDSSG10,ACTACGAC+CTAGAGCT,TACGGTAGCAGAGACTTGGTCTGGACTACHVGGGTWTCTAAT,NA,Soils from MERDS Switchgrass pots,20190617_16S-V4_PE250,MERDS_SG_10,MERDS_SG,Pot,MERDSSG10,10,10-LR4aD,L,R,4,D,S,LR4aD
MERDSSG112,TATAGCGA+TGCGTACG,TACGGTAGCAGAGACTTGGTCTGGACTACHVGGGTWTCTAAT,NA,Soils from MERDS Switchgrass pots,20190617_16S-V4_PE250,MERDS_SG_112,MERDS_SG,Pot,MERDSSG112,112,112-LB3aD,L,B,3,D,G,LB3aD
MERDSSG115,TATAGCGA+TAGTGTAG,TACGGTAGCAGAGACTTGGTCTGGACTACHVGGGTWTCTAAT,NA,Soils from MERDS Switchgrass pots,20190617_16S-V4_PE250,MERDS_SG_115,MERDS_SG,Pot,MERDSSG115,115,115-LB4aD,L,B,4,D,G,LB4aD
MERDSSG118,GCGTATAC+ATCGTACG,TACGGTAGCAGAGACTTGGTCTGGACTACHVGGGTWTCTAAT,NA,Soils from MERDS Switchgrass pots,20190617_16S-V4_PE250,MERDS_SG_118,MERDS_SG,Pot,MERDSSG118,118,118-LB5aD,L,B,5,D,G,LB5aD
MERDSSG124,GCGTATAC+ACTATCTG,TACGGTAGCAGAGACTTGGTCTGGACTACHVGGGTWTCTAAT,NA,Soils from MERDS Switchgrass pots,20190617_16S-V4_PE250,MERDS_SG_124,MERDS_SG,Pot,MERDSSG124,124,124-SB2aD,S,B,2,D,G,SB2aD
MERDSSG127,GCGTATAC+TAGCGAGT,TACGGTAGCAGAGACTTGGTCTGGACTACHVGGGTWTCTAAT,NA,Soils from MERDS Switchgrass pots,20190617_16S-V4_PE250,MERDS_SG_127,MERDS_SG,Pot,MERDSSG127,127,127-SB3aD,S,B,3,D,G,SB3aD
MERDSSG130,GCGTATAC+CTGCGTGT,TACGGTAGCAGAGACTTGGTCTGGACTACHVGGGTWTCTAAT,NA,Soils from MERDS Switchgrass pots,20190617_16S-V4_PE250,MERDS_SG_130,MERDS_SG,Pot,MERDSSG130,130,130-SB4aD,S,B,4,D,G,SB4aD
MERDSSG133,GCGTATAC+TCATCGAG,TACGGTAGCAGAGACTTGGTCTGGACTACHVGGGTWTCTAAT,NA,Soils from MERDS Switchgrass pots,20190617_16S-V4_PE250,MERDS_SG_133,MERDS_SG,Pot,MERDSSG133,133,133-SB5aD,S,B,5,D,G,SB5aD
MERDSSG139,GCGTATAC+CGTGAGTG,TACGGTAGCAGAGACTTGGTCTGGACTACHVGGGTWTCTAAT,NA,Soils from MERDS Switchgrass pots,20190617_16S-V4_PE250,MERDS_SG_139,MERDS_SG,Pot,MERDSSG139,139,139-LR2aA,L,R,2,A,G,LR2aA
MERDSSG142,GCGTATAC+GGATATCT,TACGGTAGCAGAGACTTGGTCTGGACTACHVGGGTWTCTAAT,NA,Soils from MERDS Switchgrass pots,20190617_16S-V4_PE250,MERDS_SG_142,MERDS_SG,Pot,MERDSSG142,142,142-LR3aA,L,R,3,A,G,LR3aA
MERDSSG145,GCGTATAC+GACACCGT,TACGGTAGCAGAGACTTGGTCTGGACTACHVGGGTWTCTAAT,NA,Soils from MERDS Switchgrass pots,20190617_16S-V4_PE250,MERDS_SG_145,MERDS_SG,Pot,MERDSSG145,145,145-LR4aA,L,R,4,A,G,LR4aA
MERDSSG148,TGCTCGTA+ATCGTACG,TACGGTAGCAGAGACTTGGTCTGGACTACHVGGGTWTCTAAT,NA,Soils from MERDS Switchgrass pots,20190617_16S-V4_PE250,MERDS_SG_148,MERDS_SG,Pot,MERDSSG148,148,148-LR5aA,L,R,5,A,G,LR5aA
MERDSSG14,ACTACGAC+GCTCTAGT,TACGGTAGCAGAGACTTGGTCTGGACTACHVGGGTWTCTAAT,NA,Soils from MERDS Switchgrass pots,20190617_16S-V4_PE250,MERDS_SG_14,MERDS_SG,Pot,MERDSSG14,14,14-LR5bD,L,R,5,D,S,LR5bD
MERDSSG154,TGCTCGTA+ACTATCTG,TACGGTAGCAGAGACTTGGTCTGGACTACHVGGGTWTCTAAT,NA,Soils from MERDS Switchgrass pots,20190617_16S-V4_PE250,MERDS_SG_154,MERDS_SG,Pot,MERDSSG154,154,154-LB2aA,L,B,2,A,G,LB2aA
MERDSSG157,TGCTCGTA+TAGCGAGT,TACGGTAGCAGAGACTTGGTCTGGACTACHVGGGTWTCTAAT,NA,Soils from MERDS Switchgrass pots,20190617_16S-V4_PE250,MERDS_SG_157,MERDS_SG,Pot,MERDSSG157,157,157-LB3aA,L,B,3,A,G,LB3aA
MERDSSG160,TGCTCGTA+CTGCGTGT,TACGGTAGCAGAGACTTGGTCTGGACTACHVGGGTWTCTAAT,NA,Soils from MERDS Switchgrass pots,20190617_16S-V4_PE250,MERDS_SG_160,MERDS_SG,Pot,MERDSSG160,160,160-LB4aA,L,B,4,A,G,LB4aA
MERDSSG163,TGCTCGTA+TCATCGAG,TACGGTAGCAGAGACTTGGTCTGGACTACHVGGGTWTCTAAT,NA,Soils from MERDS Switchgrass pots,20190617_16S-V4_PE250,MERDS_SG_163,MERDS_SG,Pot,MERDSSG163,163,163-LB5aA,L,B,5,A,G,LB5aA
MERDSSG169,TGCTCGTA+CGTGAGTG,TACGGTAGCAGAGACTTGGTCTGGACTACHVGGGTWTCTAAT,NA,Soils from MERDS Switchgrass pots,20190617_16S-V4_PE250,MERDS_SG_169,MERDS_SG,Pot,MERDSSG169,169,169-SB2aA,S,B,2,A,G,SB2aA
MERDSSG172,TGCTCGTA+GGATATCT,TACGGTAGCAGAGACTTGGTCTGGACTACHVGGGTWTCTAAT,NA,Soils from MERDS Switchgrass pots,20190617_16S-V4_PE250,MERDS_SG_172,MERDS_SG,Pot,MERDSSG172,172,172-SB3aA,S,B,3,A,G,SB3aA
MERDSSG175,TGCTCGTA+GACACCGT,TACGGTAGCAGAGACTTGGTCTGGACTACHVGGGTWTCTAAT,NA,Soils from MERDS Switchgrass pots,20190617_16S-V4_PE250,MERDS_SG_175,MERDS_SG,Pot,MERDSSG175,175,175-SB4aA,S,B,4,A,G,SB4aA
MERDSSG178,AACGCTGA+ATCGTACG,TACGGTAGCAGAGACTTGGTCTGGACTACHVGGGTWTCTAAT,NA,Soils from MERDS Switchgrass pots,20190617_16S-V4_PE250,MERDS_SG_178,MERDS_SG,Pot,MERDSSG178,178,178-SB5aA,S,B,5,A,G,SB5aA
MERDSSG20,ACTACGAC+GACACTGA,TACGGTAGCAGAGACTTGGTCTGGACTACHVGGGTWTCTAAT,NA,Soils from MERDS Switchgrass pots,20190617_16S-V4_PE250,MERDS_SG_20,MERDS_SG,Pot,MERDSSG20,20,20-LB2bD,L,B,2,D,S,LB2bD
MERDSSG23,ACTACGAC+TGCGTACG,TACGGTAGCAGAGACTTGGTCTGGACTACHVGGGTWTCTAAT,NA,Soils from MERDS Switchgrass pots,20190617_16S-V4_PE250,MERDS_SG_23,MERDS_SG,Pot,MERDSSG23,23,23-LB3bD,L,B,3,D,S,LB3bD
MERDSSG25,ACTACGAC+TAGTGTAG,TACGGTAGCAGAGACTTGGTCTGGACTACHVGGGTWTCTAAT,NA,Soils from MERDS Switchgrass pots,20190617_16S-V4_PE250,MERDS_SG_25,MERDS_SG,Pot,MERDSSG25,25,25-LB4aD,L,B,4,D,S,LB4aD
MERDSSG30,GTCTGCTA+ACGACGTG,TACGGTAGCAGAGACTTGGTCTGGACTACHVGGGTWTCTAAT,NA,Soils from MERDS Switchgrass pots,20190617_16S-V4_PE250,MERDS_SG_30,MERDS_SG,Pot,MERDSSG30,30,30-LB5cD,L,B,5,D,S,LB5cD
MERDSSG37,GTCTGCTA+ATATACAC,TACGGTAGCAGAGACTTGGTCTGGACTACHVGGGTWTCTAAT,NA,Soils from MERDS Switchgrass pots,20190617_16S-V4_PE250,MERDS_SG_37,MERDS_SG,Pot,MERDSSG37,37,37-SB3aD,S,B,3,D,S,SB3aD
MERDSSG39,GTCTGCTA+CGTCGCTA,TACGGTAGCAGAGACTTGGTCTGGACTACHVGGGTWTCTAAT,NA,Soils from MERDS Switchgrass pots,20190617_16S-V4_PE250,MERDS_SG_39,MERDS_SG,Pot,MERDSSG39,39,39-SB3cD,S,B,3,D,S,SB3cD
MERDSSG42,GTCTGCTA+CTAGAGCT,TACGGTAGCAGAGACTTGGTCTGGACTACHVGGGTWTCTAAT,NA,Soils from MERDS Switchgrass pots,20190617_16S-V4_PE250,MERDS_SG_42,MERDS_SG,Pot,MERDSSG42,42,42-SB4cD,S,B,4,D,S,SB4cD
MERDSSG44,GTCTGCTA+GCTCTAGT,TACGGTAGCAGAGACTTGGTCTGGACTACHVGGGTWTCTAAT,NA,Soils from MERDS Switchgrass pots,20190617_16S-V4_PE250,MERDS_SG_44,MERDS_SG,Pot,MERDSSG44,44,44-SB5bD,S,B,5,D,S,SB5bD
MERDSSG49,GTCTGCTA+GACACTGA,TACGGTAGCAGAGACTTGGTCTGGACTACHVGGGTWTCTAAT,NA,Soils from MERDS Switchgrass pots,20190617_16S-V4_PE250,MERDS_SG_49,MERDS_SG,Pot,MERDSSG49,49,49-LR2aA,L,R,2,A,S,LR2aA
MERDSSG4,ACTACGAC+ATATACAC,TACGGTAGCAGAGACTTGGTCTGGACTACHVGGGTWTCTAAT,NA,Soils from MERDS Switchgrass pots,20190617_16S-V4_PE250,MERDS_SG_4,MERDS_SG,Pot,MERDSSG4,4,4-LR2aD,L,R,2,D,S,LR2aD
MERDSSG52,GTCTGCTA+TGCGTACG,TACGGTAGCAGAGACTTGGTCTGGACTACHVGGGTWTCTAAT,NA,Soils from MERDS Switchgrass pots,20190617_16S-V4_PE250,MERDS_SG_52,MERDS_SG,Pot,MERDSSG52,52,52-LR3aA,L,R,3,A,S,LR3aA
MERDSSG55,GTCTGCTA+TAGTGTAG,TACGGTAGCAGAGACTTGGTCTGGACTACHVGGGTWTCTAAT,NA,Soils from MERDS Switchgrass pots,20190617_16S-V4_PE250,MERDS_SG_55,MERDS_SG,Pot,MERDSSG55,55,55-LR4aA,L,R,4,A,S,LR4aA
MERDSSG58,GTCTATGA+ACGACGTG,TACGGTAGCAGAGACTTGGTCTGGACTACHVGGGTWTCTAAT,NA,Soils from MERDS Switchgrass pots,20190617_16S-V4_PE250,MERDS_SG_58,MERDS_SG,Pot,MERDSSG58,58,58-LR5aA,L,R,5,A,S,LR5aA
MERDSSG64,GTCTATGA+ATATACAC,TACGGTAGCAGAGACTTGGTCTGGACTACHVGGGTWTCTAAT,NA,Soils from MERDS Switchgrass pots,20190617_16S-V4_PE250,MERDS_SG_64,MERDS_SG,Pot,MERDSSG64,64,64-LB2aA,L,B,2,A,S,LB2aA
MERDSSG67,GTCTATGA+CGTCGCTA,TACGGTAGCAGAGACTTGGTCTGGACTACHVGGGTWTCTAAT,NA,Soils from MERDS Switchgrass pots,20190617_16S-V4_PE250,MERDS_SG_67,MERDS_SG,Pot,MERDSSG67,67,67-LB3aA,L,B,3,A,S,LB3aA
MERDSSG6,ACTACGAC+CGTCGCTA,TACGGTAGCAGAGACTTGGTCTGGACTACHVGGGTWTCTAAT,NA,Soils from MERDS Switchgrass pots,20190617_16S-V4_PE250,MERDS_SG_6,MERDS_SG,Pot,MERDSSG6,6,6-LR2cD,L,R,2,D,S,LR2cD
MERDSSG72,GTCTATGA+CTAGAGCT,TACGGTAGCAGAGACTTGGTCTGGACTACHVGGGTWTCTAAT,NA,Soils from MERDS Switchgrass pots,20190617_16S-V4_PE250,MERDS_SG_72,MERDS_SG,Pot,MERDSSG72,72,72-LB4cA,L,B,4,A,S,LB4cA
MERDSSG73,GTCTATGA+GCTCTAGT,TACGGTAGCAGAGACTTGGTCTGGACTACHVGGGTWTCTAAT,NA,Soils from MERDS Switchgrass pots,20190617_16S-V4_PE250,MERDS_SG_73,MERDS_SG,Pot,MERDSSG73,73,73-LB5aA,L,B,5,A,S,LB5aA
MERDSSG79,GTCTATGA+GACACTGA,TACGGTAGCAGAGACTTGGTCTGGACTACHVGGGTWTCTAAT,NA,Soils from MERDS Switchgrass pots,20190617_16S-V4_PE250,MERDS_SG_79,MERDS_SG,Pot,MERDSSG79,79,79-SB2aA,S,B,2,A,S,SB2aA
MERDSSG84,GTCTATGA+TGCGTACG,TACGGTAGCAGAGACTTGGTCTGGACTACHVGGGTWTCTAAT,NA,Soils from MERDS Switchgrass pots,20190617_16S-V4_PE250,MERDS_SG_84,MERDS_SG,Pot,MERDSSG84,84,84-SB3cA,S,B,3,A,S,SB3cA
MERDSSG85,GTCTATGA+TAGTGTAG,TACGGTAGCAGAGACTTGGTCTGGACTACHVGGGTWTCTAAT,NA,Soils from MERDS Switchgrass pots,20190617_16S-V4_PE250,MERDS_SG_85,MERDS_SG,Pot,MERDSSG85,85,85-SB4aA,S,B,4,A,S,SB4aA
MERDSSG89,TATAGCGA+ACGACGTG,TACGGTAGCAGAGACTTGGTCTGGACTACHVGGGTWTCTAAT,NA,Soils from MERDS Switchgrass pots,20190617_16S-V4_PE250,MERDS_SG_89,MERDS_SG,Pot,MERDSSG89,89,89-SB5bA,S,B,5,A,S,SB5bA
MERDSSG94,TATAGCGA+ATATACAC,TACGGTAGCAGAGACTTGGTCTGGACTACHVGGGTWTCTAAT,NA,Soils from MERDS Switchgrass pots,20190617_16S-V4_PE250,MERDS_SG_94,MERDS_SG,Pot,MERDSSG94,94,94-LR2aD,L,R,2,D,G,LR2aD
MERDSSG97,TATAGCGA+CGTCGCTA,TACGGTAGCAGAGACTTGGTCTGGACTACHVGGGTWTCTAAT,NA,Soils from MERDS Switchgrass pots,20190617_16S-V4_PE250,MERDS_SG_97,MERDS_SG,Pot,MERDSSG97,97,97-LR3aD,L,R,3,D,G,LR3aD
MERDSSGB2,AACGCTGA+CGTGAGTG,TACGGTAGCAGAGACTTGGTCTGGACTACHVGGGTWTCTAAT,NA,Soils from MERDS Switchgrass pots,20190617_16S-V4_PE250,MERDS_SG_B2,MERDS_SG,Pot,MERDSSGB2,B2,Int_soil,L,B,2,Start,Start,Int_soil
MERDSSGB3,AACGCTGA+GGATATCT,TACGGTAGCAGAGACTTGGTCTGGACTACHVGGGTWTCTAAT,NA,Soils from MERDS Switchgrass pots,20190617_16S-V4_PE250,MERDS_SG_B3,MERDS_SG,Pot,MERDSSGB3,B3,Int_soil,L,B,3,Start,Start,Int_soil
MERDSSGB4,AACGCTGA+GACACCGT,TACGGTAGCAGAGACTTGGTCTGGACTACHVGGGTWTCTAAT,NA,Soils from MERDS Switchgrass pots,20190617_16S-V4_PE250,MERDS_SG_B4,MERDS_SG,Pot,MERDSSGB4,B4,Int_soil,L,B,4,Start,Start,Int_soil
MERDSSGB5,CGTAGCGA+ATCGTACG,TACGGTAGCAGAGACTTGGTCTGGACTACHVGGGTWTCTAAT,NA,Soils from MERDS Switchgrass pots,20190617_16S-V4_PE250,MERDS_SG_B5,MERDS_SG,Pot,MERDSSGB5,B5,Int_soil,L,B,5,Start,Start,Int_soil
MERDSSGZ2,AACGCTGA+ACTATCTG,TACGGTAGCAGAGACTTGGTCTGGACTACHVGGGTWTCTAAT,NA,Soils from MERDS Switchgrass pots,20190617_16S-V4_PE250,MERDS_SG_Z2,MERDS_SG,Pot,MERDSSGZ2,Z2,Int_soil,L,R,2,Start,Start,Int_soil
MERDSSGZ3,AACGCTGA+TAGCGAGT,TACGGTAGCAGAGACTTGGTCTGGACTACHVGGGTWTCTAAT,NA,Soils from MERDS Switchgrass pots,20190617_16S-V4_PE250,MERDS_SG_Z3,MERDS_SG,Pot,MERDSSGZ3,Z3,Int_soil,L,R,3,Start,Start,Int_soil
MERDSSGZ4,AACGCTGA+CTGCGTGT,TACGGTAGCAGAGACTTGGTCTGGACTACHVGGGTWTCTAAT,NA,Soils from MERDS Switchgrass pots,20190617_16S-V4_PE250,MERDS_SG_Z4,MERDS_SG,Pot,MERDSSGZ4,Z4,Int_soil,L,R,4,Start,Start,Int_soil
MERDSSGZ5,AACGCTGA+TCATCGAG,TACGGTAGCAGAGACTTGGTCTGGACTACHVGGGTWTCTAAT,NA,Soils from MERDS Switchgrass pots,20190617_16S-V4_PE250,MERDS_SG_Z5,MERDS_SG,Pot,MERDSSGZ5,Z5,Int_soil,L,R,5,Start,Start,Int_soil
