Plant_Number,date,Rdate,survival,Transplant_height_cm,Transplant_leaf,volunteer_dicot,volunteer_grass,,,,,,
91,6_16,2018-06-16,1,NA,NA,0,0,,,,,,
92,6_16,2018-06-16,1,NA,NA,0,0,,,,,,
93,6_16,2018-06-16,1,NA,NA,0,0,,,,,,
94,6_16,2018-06-16,1,NA,NA,0,0,,,,,,
95,6_16,2018-06-16,1,NA,NA,0,0,,,,,,
96,6_16,2018-06-16,1,NA,NA,0,0,,,,,,
97,6_16,2018-06-16,0,8.3,1,0,0,,,,,,
98,6_16,2018-06-16,1,NA,NA,0,0,,,,,,
99,6_16,2018-06-16,1,NA,NA,0,0,,,,,,
100,6_16,2018-06-16,1,NA,NA,0,0,,,,,,
101,6_16,2018-06-16,1,NA,NA,0,0,,,,,,
102,6_16,2018-06-16,1,NA,NA,0,0,,,,,,
103,6_16,2018-06-16,1,NA,NA,0,0,,,,,,
104,6_16,2018-06-16,1,NA,NA,0,0,,,,,,
105,6_16,2018-06-16,1,NA,NA,0,0,,,,,,
106,6_16,2018-06-16,1,NA,NA,0,0,,,,,,
107,6_16,2018-06-16,1,NA,NA,0,0,,,,,,
108,6_16,2018-06-16,1,NA,NA,0,0,,,,,,
109,6_16,2018-06-16,1,NA,NA,0,0,,,,,,
110,6_16,2018-06-16,1,NA,NA,0,0,,,,,,
111,6_16,2018-06-16,1,NA,NA,0,0,,,,,,
112,6_16,2018-06-16,1,NA,NA,0,0,,,,,,
113,6_16,2018-06-16,1,NA,NA,0,0,,,,,,
114,6_16,2018-06-16,1,NA,NA,0,0,,,,,,
115,6_16,2018-06-16,1,NA,NA,0,0,,,,,,
116,6_16,2018-06-16,1,NA,NA,0,0,,,,,,
117,6_16,2018-06-16,1,NA,NA,0,0,,,,,,
118,6_16,2018-06-16,1,NA,NA,0,0,,,,,,
119,6_16,2018-06-16,1,NA,NA,0,0,,,,,,
120,6_16,2018-06-16,1,NA,NA,0,0,,,,,,
121,6_16,2018-06-16,1,NA,NA,0,0,,,,,,
122,6_16,2018-06-16,1,NA,NA,0,0,,,,,,
123,6_16,2018-06-16,0,6,1,0,0,,,,,,
124,6_16,2018-06-16,1,NA,NA,0,0,,,,,,
125,6_16,2018-06-16,1,NA,NA,0,0,,,,,,
126,6_16,2018-06-16,1,NA,NA,0,0,,,,,,
127,6_16,2018-06-16,1,NA,NA,0,0,,,,,,
128,6_16,2018-06-16,1,NA,NA,0,0,,,,,,
129,6_16,2018-06-16,1,NA,NA,0,0,,,,,,
130,6_16,2018-06-16,1,NA,NA,0,0,,,,,,
131,6_16,2018-06-16,1,NA,NA,0,0,,,,,,
132,6_16,2018-06-16,0,7.5,1,0,0,,,,,,
133,6_16,2018-06-16,1,NA,NA,0,0,,,,,,
134,6_16,2018-06-16,1,NA,NA,0,0,,,,,,
135,6_16,2018-06-16,1,NA,NA,0,0,,,,,,
136,6_16,2018-06-16,1,NA,NA,0,0,,,,,,
137,6_16,2018-06-16,1,NA,NA,0,0,,,,,,
138,6_16,2018-06-16,1,NA,NA,0,0,,,,,,
139,6_16,2018-06-16,1,NA,NA,0,0,,,,,,
140,6_16,2018-06-16,1,NA,NA,0,0,,,,,,
141,6_16,2018-06-16,1,NA,NA,0,0,,,,,,
142,6_16,2018-06-16,1,NA,NA,0,0,,,,,,
143,6_16,2018-06-16,1,NA,NA,0,0,,,,,,
144,6_16,2018-06-16,1,NA,NA,0,0,,,,,,
145,6_16,2018-06-16,1,NA,NA,0,0,,,,,,
146,6_16,2018-06-16,1,NA,NA,0,0,,,,,,
147,6_16,2018-06-16,1,NA,NA,0,0,,,,,,
148,6_16,2018-06-16,1,NA,NA,0,0,,,,,,
149,6_16,2018-06-16,1,NA,NA,0,0,,,,,,
150,6_16,2018-06-16,1,NA,NA,0,0,,,,,,
151,6_16,2018-06-16,1,NA,NA,0,0,,,,,,
152,6_16,2018-06-16,0,6.1,1,0,0,,,,,,
153,6_16,2018-06-16,1,NA,NA,0,0,,,,,,
154,6_16,2018-06-16,1,NA,NA,0,0,,,,,,
155,6_16,2018-06-16,1,NA,NA,0,0,,,,,,
156,6_16,2018-06-16,1,NA,NA,0,0,,,,,,
157,6_16,2018-06-16,1,NA,NA,0,0,,,,,,
158,6_16,2018-06-16,1,NA,NA,0,0,,,,,,
159,6_16,2018-06-16,1,NA,NA,0,0,,,,,,
160,6_16,2018-06-16,1,NA,NA,0,0,,,,,,
161,6_16,2018-06-16,1,NA,NA,0,0,,,,,,
162,6_16,2018-06-16,1,NA,NA,0,0,,,,,,
163,6_16,2018-06-16,1,NA,NA,0,0,,,,,,
164,6_16,2018-06-16,1,NA,NA,0,0,,,,,,
165,6_16,2018-06-16,1,NA,NA,0,0,,,,,,
166,6_16,2018-06-16,1,NA,NA,0,0,,,,,,
167,6_16,2018-06-16,1,NA,NA,0,0,,,,,,
168,6_16,2018-06-16,1,NA,NA,0,0,,,,,,
169,6_16,2018-06-16,1,NA,NA,0,0,,,,,,
170,6_16,2018-06-16,1,NA,NA,0,0,,,,,,
171,6_16,2018-06-16,1,NA,NA,0,0,,,,,,
172,6_16,2018-06-16,1,NA,NA,0,0,,,,,,
173,6_16,2018-06-16,1,NA,NA,0,0,,,,,,
174,6_16,2018-06-16,1,NA,NA,0,0,,,,,,
175,6_16,2018-06-16,1,NA,NA,0,0,,,,,,
176,6_16,2018-06-16,1,NA,NA,0,0,,,,,,
177,6_16,2018-06-16,1,NA,NA,0,0,,,,,,
178,6_16,2018-06-16,1,NA,NA,0,0,,,,,,
179,6_16,2018-06-16,1,NA,NA,0,0,,,,,,
180,6_16,2018-06-16,1,NA,NA,0,0,,,,,,
91,6_18,2018-06-18,1,NA,NA,0,0,,,,,,
92,6_18,2018-06-18,1,NA,NA,1,0,,,,,,
93,6_18,2018-06-18,1,NA,NA,0,0,,,,,,
94,6_18,2018-06-18,0,6.4,2,0,0,,,,,,
95,6_18,2018-06-18,0,7.5,2,0,0,,,,,,
96,6_18,2018-06-18,1,NA,NA,0,0,,,,,,
97,6_18,2018-06-18,1,NA,NA,0,0,,,,,,
98,6_18,2018-06-18,1,NA,NA,0,0,,,,,,
99,6_18,2018-06-18,1,NA,NA,0,0,,,,,,
100,6_18,2018-06-18,1,NA,NA,0,0,,,,,,
101,6_18,2018-06-18,1,NA,NA,0,0,,,,,,
102,6_18,2018-06-18,1,NA,NA,0,0,,,,,,
103,6_18,2018-06-18,1,NA,NA,0,0,,,,,,
104,6_18,2018-06-18,1,NA,NA,0,0,,,,,,
105,6_18,2018-06-18,1,NA,NA,0,0,,,,,,
106,6_18,2018-06-18,1,NA,NA,0,0,,,,,,
107,6_18,2018-06-18,1,NA,NA,0,0,,,,,,
108,6_18,2018-06-18,1,NA,NA,0,0,,,,,,
109,6_18,2018-06-18,1,NA,NA,3,0,,,,,,
110,6_18,2018-06-18,1,NA,NA,1,0,,,,,,
111,6_18,2018-06-18,1,NA,NA,0,0,,,,,,
112,6_18,2018-06-18,1,NA,NA,0,0,,,,,,
113,6_18,2018-06-18,1,NA,NA,0,0,,,,,,
114,6_18,2018-06-18,1,NA,NA,0,0,,,,,,
115,6_18,2018-06-18,1,NA,NA,0,0,,,,,,
116,6_18,2018-06-18,1,NA,NA,0,0,,,,,,
117,6_18,2018-06-18,1,NA,NA,0,0,,,,,,
118,6_18,2018-06-18,1,NA,NA,1,0,,,,,,
119,6_18,2018-06-18,1,NA,NA,1,0,,,,,,
120,6_18,2018-06-18,1,NA,NA,0,0,,,,,,
121,6_18,2018-06-18,1,NA,NA,0,0,,,,,,
122,6_18,2018-06-18,1,NA,NA,0,0,,,,,,
123,6_18,2018-06-18,1,NA,NA,0,0,,,,,,
124,6_18,2018-06-18,1,NA,NA,0,0,,,,,,
125,6_18,2018-06-18,1,NA,NA,0,0,,,,,,
126,6_18,2018-06-18,1,NA,NA,0,0,,,,,,
127,6_18,2018-06-18,1,NA,NA,0,0,,,,,,
128,6_18,2018-06-18,1,NA,NA,0,0,,,,,,
129,6_18,2018-06-18,1,NA,NA,0,0,,,,,,
130,6_18,2018-06-18,1,NA,NA,0,0,,,,,,
131,6_18,2018-06-18,1,NA,NA,0,0,,,,,,
132,6_18,2018-06-18,1,NA,NA,0,0,,,,,,
133,6_18,2018-06-18,1,NA,NA,0,0,,,,,,
134,6_18,2018-06-18,1,NA,NA,0,0,,,,,,
135,6_18,2018-06-18,1,NA,NA,0,0,,,,,,
136,6_18,2018-06-18,1,NA,NA,0,0,,,,,,
137,6_18,2018-06-18,1,NA,NA,0,0,,,,,,
138,6_18,2018-06-18,1,NA,NA,0,0,,,,,,
139,6_18,2018-06-18,1,NA,NA,0,0,,,,,,
140,6_18,2018-06-18,1,NA,NA,0,0,,,,,,
141,6_18,2018-06-18,1,NA,NA,0,0,,,,,,
142,6_18,2018-06-18,1,NA,NA,1,0,,,,,,
143,6_18,2018-06-18,1,NA,NA,0,0,,,,,,
144,6_18,2018-06-18,1,NA,NA,0,0,,,,,,
145,6_18,2018-06-18,1,NA,NA,0,0,,,,,,
146,6_18,2018-06-18,1,NA,NA,1,0,,,,,,
147,6_18,2018-06-18,1,NA,NA,0,0,,,,,,
148,6_18,2018-06-18,1,NA,NA,0,0,,,,,,
149,6_18,2018-06-18,1,NA,NA,0,0,,,,,,
150,6_18,2018-06-18,1,NA,NA,1,0,,,,,,
151,6_18,2018-06-18,1,NA,NA,0,0,,,,,,
152,6_18,2018-06-18,1,NA,NA,0,0,,,,,,
153,6_18,2018-06-18,1,NA,NA,0,0,,,,,,
154,6_18,2018-06-18,1,NA,NA,1,0,,,,,,
155,6_18,2018-06-18,1,NA,NA,0,0,,,,,,
156,6_18,2018-06-18,1,NA,NA,0,0,,,,,,
157,6_18,2018-06-18,1,NA,NA,0,0,,,,,,
158,6_18,2018-06-18,1,NA,NA,0,0,,,,,,
159,6_18,2018-06-18,1,NA,NA,0,0,,,,,,
160,6_18,2018-06-18,1,NA,NA,1,0,,,,,,
161,6_18,2018-06-18,1,NA,NA,0,0,,,,,,
162,6_18,2018-06-18,1,NA,NA,0,0,,,,,,
163,6_18,2018-06-18,1,NA,NA,0,0,,,,,,
164,6_18,2018-06-18,1,NA,NA,0,0,,,,,,
165,6_18,2018-06-18,1,NA,NA,0,0,,,,,,
166,6_18,2018-06-18,1,NA,NA,0,0,,,,,,
167,6_18,2018-06-18,1,NA,NA,0,0,,,,,,
168,6_18,2018-06-18,1,NA,NA,0,0,,,,,,
169,6_18,2018-06-18,1,NA,NA,0,0,,,,,,
170,6_18,2018-06-18,1,NA,NA,0,0,,,,,,
171,6_18,2018-06-18,1,NA,NA,0,0,,,,,,
172,6_18,2018-06-18,1,NA,NA,0,0,,,,,,
173,6_18,2018-06-18,1,NA,NA,0,0,,,,,,
174,6_18,2018-06-18,1,NA,NA,0,0,,,,,,
175,6_18,2018-06-18,1,NA,NA,0,0,,,,,,
176,6_18,2018-06-18,1,NA,NA,0,0,,,,,,
177,6_18,2018-06-18,1,NA,NA,0,0,,,,,,
178,6_18,2018-06-18,1,NA,NA,0,0,,,,,,
179,6_18,2018-06-18,1,NA,NA,0,0,,,,,,
180,6_18,2018-06-18,1,NA,NA,0,0,,,,,,
91,6_20,2018-06-20,1,NA,NA,0,0,,,,,,
92,6_20,2018-06-20,1,NA,NA,0,0,,,,,,
93,6_20,2018-06-20,1,NA,NA,0,0,,,,,,
94,6_20,2018-06-20,1,NA,NA,0,0,,,,,,
95,6_20,2018-06-20,1,NA,NA,0,0,,,,,,
96,6_20,2018-06-20,1,NA,NA,0,0,,,,,,
97,6_20,2018-06-20,1,NA,NA,1,2,,,,,,
98,6_20,2018-06-20,1,NA,NA,0,2,,,,,,
99,6_20,2018-06-20,1,NA,NA,0,0,,,,,,
100,6_20,2018-06-20,1,NA,NA,0,0,,,,,,
101,6_20,2018-06-20,1,NA,NA,0,0,,,,,,
102,6_20,2018-06-20,1,NA,NA,1,0,,,,,,
103,6_20,2018-06-20,1,NA,NA,0,0,,,,,,
104,6_20,2018-06-20,1,NA,NA,0,0,,,,,,
105,6_20,2018-06-20,1,NA,NA,0,0,,,,,,
106,6_20,2018-06-20,1,NA,NA,0,0,,,,,,
107,6_20,2018-06-20,1,NA,NA,0,0,,,,,,
108,6_20,2018-06-20,1,NA,NA,0,0,,,,,,
109,6_20,2018-06-20,1,NA,NA,0,0,,,,,,
110,6_20,2018-06-20,1,NA,NA,0,0,,,,,,
111,6_20,2018-06-20,1,NA,NA,0,0,,,,,,
112,6_20,2018-06-20,1,NA,NA,0,0,,,,,,
113,6_20,2018-06-20,1,NA,NA,0,0,,,,,,
114,6_20,2018-06-20,1,NA,NA,0,0,,,,,,
115,6_20,2018-06-20,1,NA,NA,0,0,,,,,,
116,6_20,2018-06-20,1,NA,NA,0,0,,,,,,
117,6_20,2018-06-20,1,NA,NA,0,0,,,,,,
118,6_20,2018-06-20,1,NA,NA,0,0,,,,,,
119,6_20,2018-06-20,1,NA,NA,0,0,,,,,,
120,6_20,2018-06-20,1,NA,NA,0,0,,,,,,
121,6_20,2018-06-20,1,NA,NA,0,0,,,,,,
122,6_20,2018-06-20,1,NA,NA,0,0,,,,,,
123,6_20,2018-06-20,1,NA,NA,0,0,,,,,,
124,6_20,2018-06-20,1,NA,NA,0,0,,,,,,
125,6_20,2018-06-20,1,NA,NA,0,0,,,,,,
126,6_20,2018-06-20,1,NA,NA,0,0,,,,,,
127,6_20,2018-06-20,1,NA,NA,0,0,,,,,,
128,6_20,2018-06-20,1,NA,NA,0,0,,,,,,
129,6_20,2018-06-20,1,NA,NA,0,0,,,,,,
130,6_20,2018-06-20,1,NA,NA,0,0,,,,,,
131,6_20,2018-06-20,1,NA,NA,0,0,,,,,,
132,6_20,2018-06-20,1,NA,NA,0,0,,,,,,
133,6_20,2018-06-20,1,NA,NA,0,0,,,,,,
134,6_20,2018-06-20,1,NA,NA,0,0,,,,,,
135,6_20,2018-06-20,1,NA,NA,0,0,,,,,,
136,6_20,2018-06-20,1,NA,NA,1,0,,,,,,
137,6_20,2018-06-20,1,NA,NA,0,0,,,,,,
138,6_20,2018-06-20,1,NA,NA,0,0,,,,,,
139,6_20,2018-06-20,1,NA,NA,0,0,,,,,,
140,6_20,2018-06-20,1,NA,NA,0,0,,,,,,
141,6_20,2018-06-20,1,NA,NA,0,0,,,,,,
142,6_20,2018-06-20,1,NA,NA,1,0,,,,,,
143,6_20,2018-06-20,1,NA,NA,0,0,,,,,,
144,6_20,2018-06-20,1,NA,NA,0,0,,,,,,
145,6_20,2018-06-20,1,NA,NA,0,1,,,,,,
146,6_20,2018-06-20,1,NA,NA,0,0,,,,,,
147,6_20,2018-06-20,1,NA,NA,1,0,,,,,,
148,6_20,2018-06-20,1,NA,NA,0,0,,,,,,
149,6_20,2018-06-20,1,NA,NA,0,0,,,,,,
150,6_20,2018-06-20,1,NA,NA,0,0,,,,,,
151,6_20,2018-06-20,1,NA,NA,1,1,,,,,,
152,6_20,2018-06-20,1,NA,NA,0,0,,,,,,
153,6_20,2018-06-20,1,NA,NA,0,0,,,,,,
154,6_20,2018-06-20,1,NA,NA,0,0,,,,,,
155,6_20,2018-06-20,1,NA,NA,0,0,,,,,,
156,6_20,2018-06-20,1,NA,NA,1,0,,,,,,
157,6_20,2018-06-20,1,NA,NA,0,0,,,,,,
158,6_20,2018-06-20,1,NA,NA,0,0,,,,,,
159,6_20,2018-06-20,1,NA,NA,1,0,,,,,,
160,6_20,2018-06-20,1,NA,NA,0,0,,,,,,
161,6_20,2018-06-20,1,NA,NA,0,0,,,,,,
162,6_20,2018-06-20,1,NA,NA,0,0,,,,,,
163,6_20,2018-06-20,1,NA,NA,0,0,,,,,,
164,6_20,2018-06-20,1,NA,NA,0,0,,,,,,
165,6_20,2018-06-20,1,NA,NA,0,0,,,,,,
166,6_20,2018-06-20,1,NA,NA,0,0,,,,,,
167,6_20,2018-06-20,1,NA,NA,0,0,,,,,,
168,6_20,2018-06-20,1,NA,NA,0,0,,,,,,
169,6_20,2018-06-20,1,NA,NA,0,0,,,,,,
170,6_20,2018-06-20,1,NA,NA,0,0,,,,,,
171,6_20,2018-06-20,1,NA,NA,0,0,,,,,,
172,6_20,2018-06-20,1,NA,NA,0,0,,,,,,
173,6_20,2018-06-20,1,NA,NA,0,0,,,,,,
174,6_20,2018-06-20,1,NA,NA,0,0,,,,,,
175,6_20,2018-06-20,1,NA,NA,0,0,,,,,,
176,6_20,2018-06-20,1,NA,NA,0,0,,,,,,
177,6_20,2018-06-20,1,NA,NA,0,0,,,,,,
178,6_20,2018-06-20,1,NA,NA,0,0,,,,,,
179,6_20,2018-06-20,1,NA,NA,0,0,,,,,,
180,6_20,2018-06-20,1,NA,NA,0,0,,,,,,
91,6_21,2018-06-21,1,NA,NA,0,0,,,,,,
92,6_21,2018-06-21,1,NA,NA,0,0,,,,,,
93,6_21,2018-06-21,1,NA,NA,0,0,,,,,,
94,6_21,2018-06-21,1,NA,NA,0,0,,,,,,
95,6_21,2018-06-21,1,NA,NA,0,0,,,,,,
96,6_21,2018-06-21,1,NA,NA,0,0,,,,,,
97,6_21,2018-06-21,1,NA,NA,0,0,,,,,,
98,6_21,2018-06-21,1,NA,NA,0,0,,,,,,
99,6_21,2018-06-21,1,NA,NA,0,0,,,,,,
100,6_21,2018-06-21,1,NA,NA,0,0,,,,,,
101,6_21,2018-06-21,1,NA,NA,0,0,,,,,,
102,6_21,2018-06-21,1,NA,NA,0,0,,,,,,
103,6_21,2018-06-21,1,NA,NA,0,0,,,,,,
104,6_21,2018-06-21,1,NA,NA,0,0,,,,,,
105,6_21,2018-06-21,1,NA,NA,0,0,,,,,,
106,6_21,2018-06-21,1,NA,NA,0,0,,,,,,
107,6_21,2018-06-21,1,NA,NA,0,0,,,,,,
108,6_21,2018-06-21,1,NA,NA,0,0,,,,,,
109,6_21,2018-06-21,1,NA,NA,0,0,,,,,,
110,6_21,2018-06-21,1,NA,NA,0,0,,,,,,
111,6_21,2018-06-21,1,NA,NA,0,0,,,,,,
112,6_21,2018-06-21,1,NA,NA,0,0,,,,,,
113,6_21,2018-06-21,1,NA,NA,0,0,,,,,,
114,6_21,2018-06-21,1,NA,NA,0,0,,,,,,
115,6_21,2018-06-21,1,NA,NA,0,0,,,,,,
116,6_21,2018-06-21,1,NA,NA,0,0,,,,,,
117,6_21,2018-06-21,1,NA,NA,0,0,,,,,,
118,6_21,2018-06-21,1,NA,NA,0,0,,,,,,
119,6_21,2018-06-21,1,NA,NA,0,0,,,,,,
120,6_21,2018-06-21,1,NA,NA,0,0,,,,,,
121,6_21,2018-06-21,1,NA,NA,0,0,,,,,,
122,6_21,2018-06-21,1,NA,NA,0,0,,,,,,
123,6_21,2018-06-21,1,NA,NA,0,0,,,,,,
124,6_21,2018-06-21,1,NA,NA,0,0,,,,,,
125,6_21,2018-06-21,1,NA,NA,0,0,,,,,,
126,6_21,2018-06-21,1,NA,NA,0,0,,,,,,
127,6_21,2018-06-21,1,NA,NA,0,0,,,,,,
128,6_21,2018-06-21,1,NA,NA,0,0,,,,,,
129,6_21,2018-06-21,1,NA,NA,0,0,,,,,,
130,6_21,2018-06-21,1,NA,NA,0,0,,,,,,
131,6_21,2018-06-21,1,NA,NA,0,0,,,,,,
132,6_21,2018-06-21,1,NA,NA,0,0,,,,,,
133,6_21,2018-06-21,1,NA,NA,0,0,,,,,,
134,6_21,2018-06-21,1,NA,NA,0,0,,,,,,
135,6_21,2018-06-21,1,NA,NA,0,0,,,,,,
136,6_21,2018-06-21,1,NA,NA,0,0,,,,,,
137,6_21,2018-06-21,1,NA,NA,0,0,,,,,,
138,6_21,2018-06-21,1,NA,NA,0,0,,,,,,
139,6_21,2018-06-21,1,NA,NA,0,0,,,,,,
140,6_21,2018-06-21,1,NA,NA,0,0,,,,,,
141,6_21,2018-06-21,1,NA,NA,0,0,,,,,,
142,6_21,2018-06-21,1,NA,NA,0,0,,,,,,
143,6_21,2018-06-21,1,NA,NA,0,0,,,,,,
144,6_21,2018-06-21,1,NA,NA,0,0,,,,,,
145,6_21,2018-06-21,1,NA,NA,0,0,,,,,,
146,6_21,2018-06-21,1,NA,NA,0,0,,,,,,
147,6_21,2018-06-21,1,NA,NA,0,0,,,,,,
148,6_21,2018-06-21,1,NA,NA,0,0,,,,,,
149,6_21,2018-06-21,1,NA,NA,0,0,,,,,,
150,6_21,2018-06-21,1,NA,NA,0,0,,,,,,
151,6_21,2018-06-21,1,NA,NA,0,0,,,,,,
152,6_21,2018-06-21,1,NA,NA,0,0,,,,,,
153,6_21,2018-06-21,1,NA,NA,0,0,,,,,,
154,6_21,2018-06-21,1,NA,NA,0,0,,,,,,
155,6_21,2018-06-21,1,NA,NA,0,0,,,,,,
156,6_21,2018-06-21,1,NA,NA,0,0,,,,,,
157,6_21,2018-06-21,1,NA,NA,0,0,,,,,,
158,6_21,2018-06-21,1,NA,NA,0,0,,,,,,
159,6_21,2018-06-21,1,NA,NA,0,0,,,,,,
160,6_21,2018-06-21,1,NA,NA,0,0,,,,,,
161,6_21,2018-06-21,1,NA,NA,0,0,,,,,,
162,6_21,2018-06-21,1,NA,NA,0,0,,,,,,
163,6_21,2018-06-21,1,NA,NA,0,0,,,,,,
164,6_21,2018-06-21,1,NA,NA,0,0,,,,,,
165,6_21,2018-06-21,1,NA,NA,0,0,,,,,,
166,6_21,2018-06-21,1,NA,NA,0,0,,,,,,
167,6_21,2018-06-21,1,NA,NA,0,0,,,,,,
168,6_21,2018-06-21,1,NA,NA,0,0,,,,,,
169,6_21,2018-06-21,1,NA,NA,0,0,,,,,,
170,6_21,2018-06-21,1,NA,NA,0,0,,,,,,
171,6_21,2018-06-21,1,NA,NA,0,0,,,,,,
172,6_21,2018-06-21,1,NA,NA,0,0,,,,,,
173,6_21,2018-06-21,1,NA,NA,0,0,,,,,,
174,6_21,2018-06-21,1,NA,NA,0,0,,,,,,
175,6_21,2018-06-21,1,NA,NA,0,0,,,,,,
176,6_21,2018-06-21,1,NA,NA,0,0,,,,,,
177,6_21,2018-06-21,1,NA,NA,0,0,,,,,,
178,6_21,2018-06-21,1,NA,NA,0,0,,,,,,
179,6_21,2018-06-21,1,NA,NA,0,0,,,,,,
180,6_21,2018-06-21,1,NA,NA,0,0,,,,,,
91,6_22,2018-06-22,1,NA,NA,0,0,,,,,,
92,6_22,2018-06-22,1,NA,NA,0,0,,,,,,
93,6_22,2018-06-22,1,NA,NA,0,0,,,,,,
94,6_22,2018-06-22,1,NA,NA,0,0,,,,,,
95,6_22,2018-06-22,1,NA,NA,0,0,,,,,,
96,6_22,2018-06-22,1,NA,NA,0,0,,,,,,
97,6_22,2018-06-22,1,NA,NA,0,0,,,,,,
98,6_22,2018-06-22,1,NA,NA,0,0,,,,,,
99,6_22,2018-06-22,1,NA,NA,0,0,,,,,,
100,6_22,2018-06-22,1,NA,NA,0,0,,,,,,
101,6_22,2018-06-22,1,NA,NA,0,0,,,,,,
102,6_22,2018-06-22,1,NA,NA,0,0,,,,,,
103,6_22,2018-06-22,1,NA,NA,0,0,,,,,,
104,6_22,2018-06-22,1,NA,NA,0,0,,,,,,
105,6_22,2018-06-22,1,NA,NA,0,0,,,,,,
106,6_22,2018-06-22,1,NA,NA,0,0,,,,,,
107,6_22,2018-06-22,1,NA,NA,0,0,,,,,,
108,6_22,2018-06-22,1,NA,NA,0,0,,,,,,
109,6_22,2018-06-22,1,NA,NA,0,0,,,,,,
110,6_22,2018-06-22,1,NA,NA,0,0,,,,,,
111,6_22,2018-06-22,1,NA,NA,0,0,,,,,,
112,6_22,2018-06-22,1,NA,NA,0,0,,,,,,
113,6_22,2018-06-22,1,NA,NA,0,0,,,,,,
114,6_22,2018-06-22,1,NA,NA,0,0,,,,,,
115,6_22,2018-06-22,1,NA,NA,0,0,,,,,,
116,6_22,2018-06-22,1,NA,NA,0,0,,,,,,
117,6_22,2018-06-22,1,NA,NA,0,0,,,,,,
118,6_22,2018-06-22,1,NA,NA,0,0,,,,,,
119,6_22,2018-06-22,1,NA,NA,0,0,,,,,,
120,6_22,2018-06-22,1,NA,NA,0,0,,,,,,
121,6_22,2018-06-22,1,NA,NA,0,0,,,,,,
122,6_22,2018-06-22,1,NA,NA,0,0,,,,,,
123,6_22,2018-06-22,0,NA,NA,0,0,,,,,,
124,6_22,2018-06-22,1,NA,NA,0,0,,,,,,
125,6_22,2018-06-22,1,NA,NA,0,0,,,,,,
126,6_22,2018-06-22,0,NA,NA,0,0,,,,,,
127,6_22,2018-06-22,1,NA,NA,0,0,,,,,,
128,6_22,2018-06-22,1,NA,NA,0,0,,,,,,
129,6_22,2018-06-22,1,NA,NA,0,0,,,,,,
130,6_22,2018-06-22,1,NA,NA,0,0,,,,,,
131,6_22,2018-06-22,1,NA,NA,0,0,,,,,,
132,6_22,2018-06-22,1,NA,NA,0,0,,,,,,
133,6_22,2018-06-22,1,NA,NA,0,0,,,,,,
134,6_22,2018-06-22,1,NA,NA,0,0,,,,,,
135,6_22,2018-06-22,1,NA,NA,0,0,,,,,,
136,6_22,2018-06-22,1,NA,NA,0,0,,,,,,
137,6_22,2018-06-22,1,NA,NA,0,0,,,,,,
138,6_22,2018-06-22,1,NA,NA,0,0,,,,,,
139,6_22,2018-06-22,1,NA,NA,0,0,,,,,,
140,6_22,2018-06-22,1,NA,NA,0,0,,,,,,
141,6_22,2018-06-22,1,NA,NA,0,0,,,,,,
142,6_22,2018-06-22,1,NA,NA,0,0,,,,,,
143,6_22,2018-06-22,1,NA,NA,0,0,,,,,,
144,6_22,2018-06-22,1,NA,NA,0,0,,,,,,
145,6_22,2018-06-22,1,NA,NA,0,0,,,,,,
146,6_22,2018-06-22,1,NA,NA,0,0,,,,,,
147,6_22,2018-06-22,1,NA,NA,0,0,,,,,,
148,6_22,2018-06-22,1,NA,NA,0,0,,,,,,
149,6_22,2018-06-22,1,NA,NA,0,0,,,,,,
150,6_22,2018-06-22,1,NA,NA,0,0,,,,,,
151,6_22,2018-06-22,1,NA,NA,0,0,,,,,,
152,6_22,2018-06-22,1,NA,NA,0,0,,,,,,
153,6_22,2018-06-22,1,NA,NA,0,0,,,,,,
154,6_22,2018-06-22,1,NA,NA,0,0,,,,,,
155,6_22,2018-06-22,1,NA,NA,0,0,,,,,,
156,6_22,2018-06-22,1,NA,NA,0,0,,,,,,
157,6_22,2018-06-22,1,NA,NA,0,0,,,,,,
158,6_22,2018-06-22,1,NA,NA,0,0,,,,,,
159,6_22,2018-06-22,1,NA,NA,0,0,,,,,,
160,6_22,2018-06-22,1,NA,NA,0,0,,,,,,
161,6_22,2018-06-22,1,NA,NA,0,0,,,,,,
162,6_22,2018-06-22,1,NA,NA,0,0,,,,,,
163,6_22,2018-06-22,1,NA,NA,0,0,,,,,,
164,6_22,2018-06-22,1,NA,NA,0,0,,,,,,
165,6_22,2018-06-22,1,NA,NA,0,0,,,,,,
166,6_22,2018-06-22,1,NA,NA,0,0,,,,,,
167,6_22,2018-06-22,1,NA,NA,0,0,,,,,,
168,6_22,2018-06-22,1,NA,NA,0,0,,,,,,
169,6_22,2018-06-22,1,NA,NA,0,0,,,,,,
170,6_22,2018-06-22,1,NA,NA,0,0,,,,,,
171,6_22,2018-06-22,1,NA,NA,0,0,,,,,,
172,6_22,2018-06-22,1,NA,NA,0,0,,,,,,
173,6_22,2018-06-22,1,NA,NA,0,0,,,,,,
174,6_22,2018-06-22,1,NA,NA,0,0,,,,,,
175,6_22,2018-06-22,1,NA,NA,0,0,,,,,,
176,6_22,2018-06-22,1,NA,NA,0,0,,,,,,
177,6_22,2018-06-22,1,NA,NA,0,0,,,,,,
178,6_22,2018-06-22,1,NA,NA,0,0,,,,,,
179,6_22,2018-06-22,1,NA,NA,0,0,,,,,,
180,6_22,2018-06-22,1,NA,NA,0,0,,,,,,
91,6_23,2018-06-23,1,NA,NA,0,0,,,,,,
92,6_23,2018-06-23,1,NA,NA,0,0,,,,,,
93,6_23,2018-06-23,1,NA,NA,0,0,,,,,,
94,6_23,2018-06-23,0,NA,NA,0,0,,,,,,
95,6_23,2018-06-23,0,NA,NA,0,0,,,,,,
96,6_23,2018-06-23,1,NA,NA,0,0,,,,,,
97,6_23,2018-06-23,1,NA,NA,0,0,,,,,,
98,6_23,2018-06-23,1,NA,NA,0,0,,,,,,
99,6_23,2018-06-23,1,NA,NA,0,0,,,,,,
100,6_23,2018-06-23,1,NA,NA,0,0,,,,,,
101,6_23,2018-06-23,1,NA,NA,0,0,,,,,,
102,6_23,2018-06-23,1,NA,NA,0,0,,,,,,
103,6_23,2018-06-23,1,NA,NA,0,0,,,,,,
104,6_23,2018-06-23,1,NA,NA,0,0,,,,,,
105,6_23,2018-06-23,1,NA,NA,0,0,,,,,,
106,6_23,2018-06-23,1,NA,NA,0,0,,,,,,
107,6_23,2018-06-23,1,NA,NA,0,0,,,,,,
108,6_23,2018-06-23,1,NA,NA,0,0,,,,,,
109,6_23,2018-06-23,1,NA,NA,0,0,,,,,,
110,6_23,2018-06-23,1,NA,NA,0,0,,,,,,
111,6_23,2018-06-23,1,NA,NA,0,0,,,,,,
112,6_23,2018-06-23,1,NA,NA,0,0,,,,,,
113,6_23,2018-06-23,1,NA,NA,0,0,,,,,,
114,6_23,2018-06-23,1,NA,NA,0,0,,,,,,
115,6_23,2018-06-23,1,NA,NA,0,0,,,,,,
116,6_23,2018-06-23,1,NA,NA,0,0,,,,,,
117,6_23,2018-06-23,1,NA,NA,0,0,,,,,,
118,6_23,2018-06-23,1,NA,NA,0,0,,,,,,
119,6_23,2018-06-23,1,NA,NA,0,0,,,,,,
120,6_23,2018-06-23,1,NA,NA,0,0,,,,,,
121,6_23,2018-06-23,1,NA,NA,0,0,,,,,,
122,6_23,2018-06-23,1,NA,NA,0,0,,,,,,
123,6_23,2018-06-23,0,NA,NA,0,0,,,,,,
124,6_23,2018-06-23,1,NA,NA,0,0,,,,,,
125,6_23,2018-06-23,1,NA,NA,0,0,,,,,,
126,6_23,2018-06-23,0,NA,NA,0,0,,,,,,
127,6_23,2018-06-23,1,NA,NA,0,0,,,,,,
128,6_23,2018-06-23,1,NA,NA,0,0,,,,,,
129,6_23,2018-06-23,1,NA,NA,0,0,,,,,,
130,6_23,2018-06-23,1,NA,NA,0,0,,,,,,
131,6_23,2018-06-23,1,NA,NA,0,0,,,,,,
132,6_23,2018-06-23,1,NA,NA,0,0,,,,,,
133,6_23,2018-06-23,1,NA,NA,0,0,,,,,,
134,6_23,2018-06-23,1,NA,NA,0,0,,,,,,
135,6_23,2018-06-23,1,NA,NA,0,0,,,,,,
136,6_23,2018-06-23,1,NA,NA,1,0,,,,,,
137,6_23,2018-06-23,1,NA,NA,0,0,,,,,,
138,6_23,2018-06-23,1,NA,NA,1,0,,,,,,
139,6_23,2018-06-23,1,NA,NA,0,0,,,,,,
140,6_23,2018-06-23,1,NA,NA,0,0,,,,,,
141,6_23,2018-06-23,1,NA,NA,0,0,,,,,,
142,6_23,2018-06-23,1,NA,NA,0,0,,,,,,
143,6_23,2018-06-23,1,NA,NA,0,0,,,,,,
144,6_23,2018-06-23,1,NA,NA,0,0,,,,,,
145,6_23,2018-06-23,1,NA,NA,0,0,,,,,,
146,6_23,2018-06-23,1,NA,NA,1,0,,,,,,
147,6_23,2018-06-23,1,NA,NA,0,0,,,,,,
148,6_23,2018-06-23,1,NA,NA,0,0,,,,,,
149,6_23,2018-06-23,1,NA,NA,0,0,,,,,,
150,6_23,2018-06-23,1,NA,NA,0,0,,,,,,
151,6_23,2018-06-23,1,NA,NA,0,0,,,,,,
152,6_23,2018-06-23,1,NA,NA,0,0,,,,,,
153,6_23,2018-06-23,1,NA,NA,1,0,,,,,,
154,6_23,2018-06-23,1,NA,NA,0,0,,,,,,
155,6_23,2018-06-23,1,NA,NA,0,0,,,,,,
156,6_23,2018-06-23,1,NA,NA,0,0,,,,,,
157,6_23,2018-06-23,1,NA,NA,0,0,,,,,,
158,6_23,2018-06-23,1,NA,NA,0,0,,,,,,
159,6_23,2018-06-23,1,NA,NA,0,0,,,,,,
160,6_23,2018-06-23,1,NA,NA,0,0,,,,,,
161,6_23,2018-06-23,1,NA,NA,0,0,,,,,,
162,6_23,2018-06-23,1,NA,NA,0,0,,,,,,
163,6_23,2018-06-23,1,NA,NA,0,0,,,,,,
164,6_23,2018-06-23,1,NA,NA,0,0,,,,,,
165,6_23,2018-06-23,1,NA,NA,0,0,,,,,,
166,6_23,2018-06-23,1,NA,NA,0,0,,,,,,
167,6_23,2018-06-23,1,NA,NA,0,0,,,,,,
168,6_23,2018-06-23,1,NA,NA,0,0,,,,,,
169,6_23,2018-06-23,1,NA,NA,0,0,,,,,,
170,6_23,2018-06-23,1,NA,NA,0,0,,,,,,
171,6_23,2018-06-23,1,NA,NA,0,0,,,,,,
172,6_23,2018-06-23,1,NA,NA,0,0,,,,,,
173,6_23,2018-06-23,1,NA,NA,0,0,,,,,,
174,6_23,2018-06-23,1,NA,NA,0,0,,,,,,
175,6_23,2018-06-23,1,NA,NA,0,0,,,,,,
176,6_23,2018-06-23,1,NA,NA,0,0,,,,,,
177,6_23,2018-06-23,1,NA,NA,0,0,,,,,,
178,6_23,2018-06-23,1,NA,NA,0,0,,,,,,
179,6_23,2018-06-23,1,NA,NA,0,0,,,,,,
180,6_23,2018-06-23,1,NA,NA,0,0,,,,,,
91,6_24,2018-06-24,1,NA,NA,0,0,,,,,,
92,6_24,2018-06-24,1,NA,NA,0,0,,,,,,
93,6_24,2018-06-24,1,NA,NA,0,0,,,,,,
94,6_24,2018-06-24,0,NA,NA,0,0,,,,,,
95,6_24,2018-06-24,0,NA,NA,0,0,,,,,,
96,6_24,2018-06-24,1,NA,NA,0,0,,,,,,
97,6_24,2018-06-24,1,NA,NA,0,0,,,,,,
98,6_24,2018-06-24,1,NA,NA,0,0,,,,,,
99,6_24,2018-06-24,1,NA,NA,0,0,,,,,,
100,6_24,2018-06-24,1,NA,NA,0,0,,,,,,
101,6_24,2018-06-24,1,NA,NA,0,0,,,,,,
102,6_24,2018-06-24,1,NA,NA,0,0,,,,,,
103,6_24,2018-06-24,1,NA,NA,0,0,,,,,,
104,6_24,2018-06-24,1,NA,NA,0,0,,,,,,
105,6_24,2018-06-24,1,NA,NA,0,0,,,,,,
106,6_24,2018-06-24,1,NA,NA,0,0,,,,,,
107,6_24,2018-06-24,1,NA,NA,0,0,,,,,,
108,6_24,2018-06-24,1,NA,NA,0,0,,,,,,
109,6_24,2018-06-24,1,NA,NA,0,0,,,,,,
110,6_24,2018-06-24,1,NA,NA,0,0,,,,,,
111,6_24,2018-06-24,1,NA,NA,0,0,,,,,,
112,6_24,2018-06-24,1,NA,NA,0,0,,,,,,
113,6_24,2018-06-24,1,NA,NA,0,0,,,,,,
114,6_24,2018-06-24,1,NA,NA,0,0,,,,,,
115,6_24,2018-06-24,1,NA,NA,0,0,,,,,,
116,6_24,2018-06-24,1,NA,NA,0,0,,,,,,
117,6_24,2018-06-24,1,NA,NA,0,0,,,,,,
118,6_24,2018-06-24,1,NA,NA,0,1,,,,,,
119,6_24,2018-06-24,1,NA,NA,0,0,,,,,,
120,6_24,2018-06-24,1,NA,NA,0,0,,,,,,
121,6_24,2018-06-24,1,NA,NA,0,0,,,,,,
122,6_24,2018-06-24,1,NA,NA,0,0,,,,,,
123,6_24,2018-06-24,0,NA,NA,0,0,,,,,,
124,6_24,2018-06-24,1,NA,NA,0,0,,,,,,
125,6_24,2018-06-24,1,NA,NA,0,0,,,,,,
126,6_24,2018-06-24,1,NA,NA,0,0,,,,,,
127,6_24,2018-06-24,1,NA,NA,0,0,,,,,,
128,6_24,2018-06-24,1,NA,NA,0,0,,,,,,
129,6_24,2018-06-24,1,NA,NA,0,0,,,,,,
130,6_24,2018-06-24,1,NA,NA,0,0,,,,,,
131,6_24,2018-06-24,1,NA,NA,0,0,,,,,,
132,6_24,2018-06-24,1,NA,NA,0,0,,,,,,
133,6_24,2018-06-24,1,NA,NA,0,0,,,,,,
134,6_24,2018-06-24,1,NA,NA,0,0,,,,,,
135,6_24,2018-06-24,1,NA,NA,0,0,,,,,,
136,6_24,2018-06-24,1,NA,NA,0,0,,,,,,
137,6_24,2018-06-24,1,NA,NA,0,0,,,,,,
138,6_24,2018-06-24,1,NA,NA,0,0,,,,,,
139,6_24,2018-06-24,1,NA,NA,0,0,,,,,,
140,6_24,2018-06-24,1,NA,NA,0,0,,,,,,
141,6_24,2018-06-24,1,NA,NA,0,0,,,,,,
142,6_24,2018-06-24,1,NA,NA,0,0,,,,,,
143,6_24,2018-06-24,1,NA,NA,0,0,,,,,,
144,6_24,2018-06-24,1,NA,NA,0,0,,,,,,
145,6_24,2018-06-24,1,NA,NA,1,0,,,,,,
146,6_24,2018-06-24,1,NA,NA,0,0,,,,,,
147,6_24,2018-06-24,1,NA,NA,0,0,,,,,,
148,6_24,2018-06-24,1,NA,NA,0,0,,,,,,
149,6_24,2018-06-24,1,NA,NA,0,0,,,,,,
150,6_24,2018-06-24,1,NA,NA,0,0,,,,,,
151,6_24,2018-06-24,1,NA,NA,0,0,,,,,,
152,6_24,2018-06-24,1,NA,NA,0,0,,,,,,
153,6_24,2018-06-24,1,NA,NA,0,0,,,,,,
154,6_24,2018-06-24,1,NA,NA,0,0,,,,,,
155,6_24,2018-06-24,1,NA,NA,0,0,,,,,,
156,6_24,2018-06-24,1,NA,NA,0,0,,,,,,
157,6_24,2018-06-24,1,NA,NA,0,0,,,,,,
158,6_24,2018-06-24,1,NA,NA,0,0,,,,,,
159,6_24,2018-06-24,1,NA,NA,0,1,,,,,,
160,6_24,2018-06-24,1,NA,NA,0,0,,,,,,
161,6_24,2018-06-24,1,NA,NA,0,0,,,,,,
162,6_24,2018-06-24,1,NA,NA,0,0,,,,,,
163,6_24,2018-06-24,1,NA,NA,0,0,,,,,,
164,6_24,2018-06-24,1,NA,NA,0,0,,,,,,
165,6_24,2018-06-24,1,NA,NA,0,0,,,,,,
166,6_24,2018-06-24,1,NA,NA,0,0,,,,,,
167,6_24,2018-06-24,1,NA,NA,0,0,,,,,,
168,6_24,2018-06-24,1,NA,NA,0,0,,,,,,
169,6_24,2018-06-24,1,NA,NA,0,0,,,,,,
170,6_24,2018-06-24,1,NA,NA,0,0,,,,,,
171,6_24,2018-06-24,1,NA,NA,0,0,,,,,,
172,6_24,2018-06-24,1,NA,NA,0,0,,,,,,
173,6_24,2018-06-24,1,NA,NA,0,0,,,,,,
174,6_24,2018-06-24,1,NA,NA,0,0,,,,,,
175,6_24,2018-06-24,1,NA,NA,0,0,,,,,,
176,6_24,2018-06-24,1,NA,NA,0,0,,,,,,
177,6_24,2018-06-24,1,NA,NA,0,0,,,,,,
178,6_24,2018-06-24,1,NA,NA,0,0,,,,,,
179,6_24,2018-06-24,1,NA,NA,0,0,,,,,,
180,6_24,2018-06-24,1,NA,NA,0,0,,,,,,
91,6_25,2018-06-25,1,NA,NA,0,0,,,,,,
92,6_25,2018-06-25,1,NA,NA,0,0,,,,,,
93,6_25,2018-06-25,1,NA,NA,0,0,,,,,,
94,6_25,2018-06-25,0,NA,NA,0,0,,,,,,
95,6_25,2018-06-25,0,NA,NA,0,0,,,,,,
96,6_25,2018-06-25,1,NA,NA,0,0,,,,,,
97,6_25,2018-06-25,1,NA,NA,0,0,,,,,,
98,6_25,2018-06-25,1,NA,NA,0,0,,,,,,
99,6_25,2018-06-25,1,NA,NA,0,0,,,,,,
100,6_25,2018-06-25,1,NA,NA,0,0,,,,,,
101,6_25,2018-06-25,1,NA,NA,0,0,,,,,,
102,6_25,2018-06-25,1,NA,NA,0,0,,,,,,
103,6_25,2018-06-25,1,NA,NA,0,0,,,,,,
104,6_25,2018-06-25,1,NA,NA,0,0,,,,,,
105,6_25,2018-06-25,1,NA,NA,0,0,,,,,,
106,6_25,2018-06-25,1,NA,NA,0,0,,,,,,
107,6_25,2018-06-25,1,NA,NA,0,0,,,,,,
108,6_25,2018-06-25,1,NA,NA,0,0,,,,,,
109,6_25,2018-06-25,1,NA,NA,0,0,,,,,,
110,6_25,2018-06-25,1,NA,NA,0,0,,,,,,
111,6_25,2018-06-25,1,NA,NA,0,0,,,,,,
112,6_25,2018-06-25,1,NA,NA,0,0,,,,,,
113,6_25,2018-06-25,1,NA,NA,0,0,,,,,,
114,6_25,2018-06-25,1,NA,NA,0,0,,,,,,
115,6_25,2018-06-25,1,NA,NA,0,0,,,,,,
116,6_25,2018-06-25,0,NA,NA,0,0,,,,,,
117,6_25,2018-06-25,1,NA,NA,0,0,,,,,,
118,6_25,2018-06-25,1,NA,NA,0,0,,,,,,
119,6_25,2018-06-25,1,NA,NA,0,0,,,,,,
120,6_25,2018-06-25,1,NA,NA,0,0,,,,,,
121,6_25,2018-06-25,1,NA,NA,0,0,,,,,,
122,6_25,2018-06-25,1,NA,NA,0,0,,,,,,
123,6_25,2018-06-25,0,NA,NA,0,0,,,,,,
124,6_25,2018-06-25,1,NA,NA,0,0,,,,,,
125,6_25,2018-06-25,1,NA,NA,0,0,,,,,,
126,6_25,2018-06-25,1,NA,NA,0,0,,,,,,
127,6_25,2018-06-25,1,NA,NA,0,0,,,,,,
128,6_25,2018-06-25,1,NA,NA,0,0,,,,,,
129,6_25,2018-06-25,1,NA,NA,0,0,,,,,,
130,6_25,2018-06-25,1,NA,NA,0,0,,,,,,
131,6_25,2018-06-25,1,NA,NA,0,0,,,,,,
132,6_25,2018-06-25,1,NA,NA,0,0,,,,,,
133,6_25,2018-06-25,1,NA,NA,0,0,,,,,,
134,6_25,2018-06-25,1,NA,NA,0,0,,,,,,
135,6_25,2018-06-25,1,NA,NA,0,0,,,,,,
136,6_25,2018-06-25,1,NA,NA,0,0,,,,,,
137,6_25,2018-06-25,1,NA,NA,0,0,,,,,,
138,6_25,2018-06-25,1,NA,NA,0,0,,,,,,
139,6_25,2018-06-25,1,NA,NA,0,0,,,,,,
140,6_25,2018-06-25,1,NA,NA,0,0,,,,,,
141,6_25,2018-06-25,1,NA,NA,0,0,,,,,,
142,6_25,2018-06-25,1,NA,NA,0,0,,,,,,
143,6_25,2018-06-25,1,NA,NA,0,0,,,,,,
144,6_25,2018-06-25,1,NA,NA,0,0,,,,,,
145,6_25,2018-06-25,1,NA,NA,0,0,,,,,,
146,6_25,2018-06-25,1,NA,NA,0,0,,,,,,
147,6_25,2018-06-25,1,NA,NA,0,0,,,,,,
148,6_25,2018-06-25,1,NA,NA,0,0,,,,,,
149,6_25,2018-06-25,1,NA,NA,0,0,,,,,,
150,6_25,2018-06-25,1,NA,NA,0,0,,,,,,
151,6_25,2018-06-25,1,NA,NA,0,0,,,,,,
152,6_25,2018-06-25,1,NA,NA,0,0,,,,,,
153,6_25,2018-06-25,1,NA,NA,0,0,,,,,,
154,6_25,2018-06-25,1,NA,NA,0,0,,,,,,
155,6_25,2018-06-25,1,NA,NA,0,0,,,,,,
156,6_25,2018-06-25,1,NA,NA,0,0,,,,,,
157,6_25,2018-06-25,1,NA,NA,0,0,,,,,,
158,6_25,2018-06-25,1,NA,NA,0,0,,,,,,
159,6_25,2018-06-25,1,NA,NA,0,0,,,,,,
160,6_25,2018-06-25,1,NA,NA,0,0,,,,,,
161,6_25,2018-06-25,1,NA,NA,0,0,,,,,,
162,6_25,2018-06-25,1,NA,NA,0,0,,,,,,
163,6_25,2018-06-25,1,NA,NA,0,0,,,,,,
164,6_25,2018-06-25,1,NA,NA,0,0,,,,,,
165,6_25,2018-06-25,1,NA,NA,0,0,,,,,,
166,6_25,2018-06-25,1,NA,NA,0,0,,,,,,
167,6_25,2018-06-25,1,NA,NA,0,0,,,,,,
168,6_25,2018-06-25,1,NA,NA,0,0,,,,,,
169,6_25,2018-06-25,1,NA,NA,0,0,,,,,,
170,6_25,2018-06-25,1,NA,NA,0,0,,,,,,
171,6_25,2018-06-25,1,NA,NA,0,0,,,,,,
172,6_25,2018-06-25,1,NA,NA,0,0,,,,,,
173,6_25,2018-06-25,1,NA,NA,0,0,,,,,,
174,6_25,2018-06-25,1,NA,NA,0,0,,,,,,
175,6_25,2018-06-25,1,NA,NA,0,0,,,,,,
176,6_25,2018-06-25,1,NA,NA,0,0,,,,,,
177,6_25,2018-06-25,1,NA,NA,0,0,,,,,,
178,6_25,2018-06-25,1,NA,NA,0,0,,,,,,
179,6_25,2018-06-25,1,NA,NA,0,0,,,,,,
180,6_25,2018-06-25,1,NA,NA,0,0,,,,,,
91,6_26,2018-06-26,1,NA,NA,0,0,,,,,,
92,6_26,2018-06-26,1,NA,NA,0,0,,,,,,
93,6_26,2018-06-26,1,NA,NA,0,0,,,,,,
94,6_26,2018-06-26,0,NA,NA,0,0,,,,,,
95,6_26,2018-06-26,0,NA,NA,0,0,,,,,,
96,6_26,2018-06-26,1,NA,NA,0,0,,,,,,
97,6_26,2018-06-26,1,NA,NA,0,0,,,,,,
98,6_26,2018-06-26,1,NA,NA,0,0,,,,,,
99,6_26,2018-06-26,1,NA,NA,0,0,,,,,,
100,6_26,2018-06-26,1,NA,NA,0,0,,,,,,
101,6_26,2018-06-26,1,NA,NA,0,0,,,,,,
102,6_26,2018-06-26,1,NA,NA,0,0,,,,,,
103,6_26,2018-06-26,1,NA,NA,0,0,,,,,,
104,6_26,2018-06-26,1,NA,NA,0,0,,,,,,
105,6_26,2018-06-26,1,NA,NA,0,0,,,,,,
106,6_26,2018-06-26,1,NA,NA,0,0,,,,,,
107,6_26,2018-06-26,1,NA,NA,0,0,,,,,,
108,6_26,2018-06-26,1,NA,NA,0,0,,,,,,
109,6_26,2018-06-26,1,NA,NA,0,0,,,,,,
110,6_26,2018-06-26,1,NA,NA,0,0,,,,,,
111,6_26,2018-06-26,1,NA,NA,0,0,,,,,,
112,6_26,2018-06-26,1,NA,NA,0,0,,,,,,
113,6_26,2018-06-26,1,NA,NA,0,0,,,,,,
114,6_26,2018-06-26,1,NA,NA,0,0,,,,,,
115,6_26,2018-06-26,1,NA,NA,0,0,,,,,,
116,6_26,2018-06-26,1,NA,NA,0,0,,,,,,
117,6_26,2018-06-26,1,NA,NA,0,0,,,,,,
118,6_26,2018-06-26,1,NA,NA,0,0,,,,,,
119,6_26,2018-06-26,0,NA,NA,0,0,,,,,,
120,6_26,2018-06-26,1,NA,NA,0,0,,,,,,
121,6_26,2018-06-26,1,NA,NA,0,0,,,,,,
122,6_26,2018-06-26,0,NA,NA,0,0,,,,,,
123,6_26,2018-06-26,0,NA,NA,0,0,,,,,,
124,6_26,2018-06-26,1,NA,NA,0,0,,,,,,
125,6_26,2018-06-26,1,NA,NA,0,0,,,,,,
126,6_26,2018-06-26,0,NA,NA,0,0,,,,,,
127,6_26,2018-06-26,1,NA,NA,0,0,,,,,,
128,6_26,2018-06-26,1,NA,NA,0,0,,,,,,
129,6_26,2018-06-26,1,NA,NA,0,0,,,,,,
130,6_26,2018-06-26,1,NA,NA,0,0,,,,,,
131,6_26,2018-06-26,1,NA,NA,0,0,,,,,,
132,6_26,2018-06-26,1,NA,NA,0,0,,,,,,
133,6_26,2018-06-26,1,NA,NA,0,0,,,,,,
134,6_26,2018-06-26,1,NA,NA,0,0,,,,,,
135,6_26,2018-06-26,1,NA,NA,0,0,,,,,,
136,6_26,2018-06-26,1,NA,NA,0,0,,,,,,
137,6_26,2018-06-26,1,NA,NA,0,0,,,,,,
138,6_26,2018-06-26,1,NA,NA,0,0,,,,,,
139,6_26,2018-06-26,1,NA,NA,0,0,,,,,,
140,6_26,2018-06-26,1,NA,NA,0,0,,,,,,
141,6_26,2018-06-26,1,NA,NA,0,0,,,,,,
142,6_26,2018-06-26,1,NA,NA,0,0,,,,,,
143,6_26,2018-06-26,1,NA,NA,0,0,,,,,,
144,6_26,2018-06-26,1,NA,NA,0,0,,,,,,
145,6_26,2018-06-26,1,NA,NA,0,0,,,,,,
146,6_26,2018-06-26,1,NA,NA,0,0,,,,,,
147,6_26,2018-06-26,1,NA,NA,0,0,,,,,,
148,6_26,2018-06-26,1,NA,NA,0,0,,,,,,
149,6_26,2018-06-26,1,NA,NA,0,0,,,,,,
150,6_26,2018-06-26,1,NA,NA,0,0,,,,,,
151,6_26,2018-06-26,1,NA,NA,0,0,,,,,,
152,6_26,2018-06-26,1,NA,NA,0,0,,,,,,
153,6_26,2018-06-26,1,NA,NA,0,0,,,,,,
154,6_26,2018-06-26,1,NA,NA,0,0,,,,,,
155,6_26,2018-06-26,1,NA,NA,0,0,,,,,,
156,6_26,2018-06-26,1,NA,NA,0,0,,,,,,
157,6_26,2018-06-26,1,NA,NA,0,0,,,,,,
158,6_26,2018-06-26,1,NA,NA,0,0,,,,,,
159,6_26,2018-06-26,1,NA,NA,0,0,,,,,,
160,6_26,2018-06-26,1,NA,NA,0,0,,,,,,
161,6_26,2018-06-26,1,NA,NA,0,0,,,,,,
162,6_26,2018-06-26,1,NA,NA,0,0,,,,,,
163,6_26,2018-06-26,1,NA,NA,0,0,,,,,,
164,6_26,2018-06-26,1,NA,NA,0,0,,,,,,
165,6_26,2018-06-26,1,NA,NA,0,0,,,,,,
166,6_26,2018-06-26,1,NA,NA,0,0,,,,,,
167,6_26,2018-06-26,1,NA,NA,0,0,,,,,,
168,6_26,2018-06-26,1,NA,NA,0,0,,,,,,
169,6_26,2018-06-26,1,NA,NA,0,0,,,,,,
170,6_26,2018-06-26,1,NA,NA,0,0,,,,,,
171,6_26,2018-06-26,1,NA,NA,0,0,,,,,,
172,6_26,2018-06-26,1,NA,NA,0,0,,,,,,
173,6_26,2018-06-26,1,NA,NA,0,0,,,,,,
174,6_26,2018-06-26,1,NA,NA,0,0,,,,,,
175,6_26,2018-06-26,1,NA,NA,0,0,,,,,,
176,6_26,2018-06-26,1,NA,NA,0,0,,,,,,
177,6_26,2018-06-26,1,NA,NA,0,0,,,,,,
178,6_26,2018-06-26,1,NA,NA,0,0,,,,,,
179,6_26,2018-06-26,1,NA,NA,0,0,,,,,,
180,6_26,2018-06-26,1,NA,NA,0,0,,,,,,
91,6_27,2018-06-27,0,NA,NA,0,0,,,,,,
92,6_27,2018-06-27,1,NA,NA,0,0,,,,,,
93,6_27,2018-06-27,1,NA,NA,0,0,,,,,,
94,6_27,2018-06-27,0,NA,NA,0,0,,,,,,
95,6_27,2018-06-27,0,NA,NA,0,0,,,,,,
96,6_27,2018-06-27,1,NA,NA,0,0,,,,,,
97,6_27,2018-06-27,1,NA,NA,0,0,,,,,,
98,6_27,2018-06-27,1,NA,NA,0,0,,,,,,
99,6_27,2018-06-27,1,NA,NA,0,0,,,,,,
100,6_27,2018-06-27,1,NA,NA,0,0,,,,,,
101,6_27,2018-06-27,1,NA,NA,0,0,,,,,,
102,6_27,2018-06-27,1,NA,NA,0,0,,,,,,
103,6_27,2018-06-27,1,NA,NA,0,0,,,,,,
104,6_27,2018-06-27,1,NA,NA,0,0,,,,,,
105,6_27,2018-06-27,1,NA,NA,0,0,,,,,,
106,6_27,2018-06-27,1,NA,NA,0,0,,,,,,
107,6_27,2018-06-27,1,NA,NA,0,0,,,,,,
108,6_27,2018-06-27,1,NA,NA,0,0,,,,,,
109,6_27,2018-06-27,1,NA,NA,0,0,,,,,,
110,6_27,2018-06-27,1,NA,NA,0,0,,,,,,
111,6_27,2018-06-27,1,NA,NA,0,1,,,,,,
112,6_27,2018-06-27,1,NA,NA,0,0,,,,,,
113,6_27,2018-06-27,1,NA,NA,0,0,,,,,,
114,6_27,2018-06-27,1,NA,NA,0,0,,,,,,
115,6_27,2018-06-27,1,NA,NA,0,0,,,,,,
116,6_27,2018-06-27,0,NA,NA,0,0,,,,,,
117,6_27,2018-06-27,1,NA,NA,0,0,,,,,,
118,6_27,2018-06-27,1,NA,NA,0,0,,,,,,
119,6_27,2018-06-27,0,NA,NA,0,0,,,,,,
120,6_27,2018-06-27,1,NA,NA,0,0,,,,,,
121,6_27,2018-06-27,1,NA,NA,0,0,,,,,,
122,6_27,2018-06-27,1,NA,NA,0,0,,,,,,
123,6_27,2018-06-27,0,NA,NA,0,0,,,,,,
124,6_27,2018-06-27,1,NA,NA,0,0,,,,,,
125,6_27,2018-06-27,1,NA,NA,0,0,,,,,,
126,6_27,2018-06-27,1,NA,NA,0,0,,,,,,
127,6_27,2018-06-27,1,NA,NA,0,0,,,,,,
128,6_27,2018-06-27,1,NA,NA,0,0,,,,,,
129,6_27,2018-06-27,1,NA,NA,0,0,,,,,,
130,6_27,2018-06-27,1,NA,NA,0,0,,,,,,
131,6_27,2018-06-27,1,NA,NA,0,0,,,,,,
132,6_27,2018-06-27,1,NA,NA,0,0,,,,,,
133,6_27,2018-06-27,1,NA,NA,0,0,,,,,,
134,6_27,2018-06-27,1,NA,NA,0,0,,,,,,
135,6_27,2018-06-27,1,NA,NA,0,0,,,,,,
136,6_27,2018-06-27,1,NA,NA,0,0,,,,,,
137,6_27,2018-06-27,1,NA,NA,0,0,,,,,,
138,6_27,2018-06-27,1,NA,NA,0,0,,,,,,
139,6_27,2018-06-27,1,NA,NA,0,0,,,,,,
140,6_27,2018-06-27,1,NA,NA,0,0,,,,,,
141,6_27,2018-06-27,1,NA,NA,0,1,,,,,,
142,6_27,2018-06-27,1,NA,NA,0,0,,,,,,
143,6_27,2018-06-27,1,NA,NA,0,0,,,,,,
144,6_27,2018-06-27,1,NA,NA,0,0,,,,,,
145,6_27,2018-06-27,1,NA,NA,0,0,,,,,,
146,6_27,2018-06-27,1,NA,NA,0,0,,,,,,
147,6_27,2018-06-27,1,NA,NA,0,0,,,,,,
148,6_27,2018-06-27,1,NA,NA,0,0,,,,,,
149,6_27,2018-06-27,1,NA,NA,0,0,,,,,,
150,6_27,2018-06-27,1,NA,NA,0,0,,,,,,
151,6_27,2018-06-27,0,NA,NA,0,0,,,,,,
152,6_27,2018-06-27,1,NA,NA,0,0,,,,,,
153,6_27,2018-06-27,1,NA,NA,0,0,,,,,,
154,6_27,2018-06-27,1,NA,NA,0,0,,,,,,
155,6_27,2018-06-27,1,NA,NA,0,0,,,,,,
156,6_27,2018-06-27,1,NA,NA,0,0,,,,,,
157,6_27,2018-06-27,1,NA,NA,0,0,,,,,,
158,6_27,2018-06-27,1,NA,NA,0,0,,,,,,
159,6_27,2018-06-27,1,NA,NA,0,0,,,,,,
160,6_27,2018-06-27,1,NA,NA,0,0,,,,,,
161,6_27,2018-06-27,1,NA,NA,0,0,,,,,,
162,6_27,2018-06-27,1,NA,NA,0,0,,,,,,
163,6_27,2018-06-27,1,NA,NA,0,0,,,,,,
164,6_27,2018-06-27,1,NA,NA,0,0,,,,,,
165,6_27,2018-06-27,1,NA,NA,0,0,,,,,,
166,6_27,2018-06-27,1,NA,NA,0,0,,,,,,
167,6_27,2018-06-27,1,NA,NA,0,0,,,,,,
168,6_27,2018-06-27,1,NA,NA,0,0,,,,,,
169,6_27,2018-06-27,1,NA,NA,0,0,,,,,,
170,6_27,2018-06-27,1,NA,NA,0,0,,,,,,
171,6_27,2018-06-27,1,NA,NA,0,0,,,,,,
172,6_27,2018-06-27,1,NA,NA,0,0,,,,,,
173,6_27,2018-06-27,1,NA,NA,0,0,,,,,,
174,6_27,2018-06-27,1,NA,NA,0,0,,,,,,
175,6_27,2018-06-27,1,NA,NA,0,0,,,,,,
176,6_27,2018-06-27,1,NA,NA,0,0,,,,,,
177,6_27,2018-06-27,1,NA,NA,0,0,,,,,,
178,6_27,2018-06-27,1,NA,NA,0,0,,,,,,
179,6_27,2018-06-27,1,NA,NA,0,0,,,,,,
180,6_27,2018-06-27,1,NA,NA,0,0,,,,,,
91,6_28,2018-06-28,0,NA,NA,0,0,,,,,,
92,6_28,2018-06-28,1,NA,NA,0,0,,,,,,
93,6_28,2018-06-28,1,NA,NA,0,0,,,,,,
94,6_28,2018-06-28,0,NA,NA,0,0,,,,,,
95,6_28,2018-06-28,0,NA,NA,0,0,,,,,,
96,6_28,2018-06-28,1,NA,NA,0,0,,,,,,
97,6_28,2018-06-28,1,NA,NA,0,0,,,,,,
98,6_28,2018-06-28,1,NA,NA,0,0,,,,,,
99,6_28,2018-06-28,1,NA,NA,0,0,,,,,,
100,6_28,2018-06-28,1,NA,NA,0,0,,,,,,
101,6_28,2018-06-28,1,NA,NA,0,0,,,,,,
102,6_28,2018-06-28,1,NA,NA,0,0,,,,,,
103,6_28,2018-06-28,1,NA,NA,0,0,,,,,,
104,6_28,2018-06-28,1,NA,NA,0,0,,,,,,
105,6_28,2018-06-28,1,NA,NA,0,0,,,,,,
106,6_28,2018-06-28,1,NA,NA,0,0,,,,,,
107,6_28,2018-06-28,1,NA,NA,0,0,,,,,,
108,6_28,2018-06-28,1,NA,NA,0,0,,,,,,
109,6_28,2018-06-28,1,NA,NA,0,0,,,,,,
110,6_28,2018-06-28,1,NA,NA,0,0,,,,,,
111,6_28,2018-06-28,1,NA,NA,0,0,,,,,,
112,6_28,2018-06-28,1,NA,NA,0,0,,,,,,
113,6_28,2018-06-28,1,NA,NA,0,0,,,,,,
114,6_28,2018-06-28,1,NA,NA,0,0,,,,,,
115,6_28,2018-06-28,1,NA,NA,0,0,,,,,,
116,6_28,2018-06-28,0,NA,NA,0,0,,,,,,
117,6_28,2018-06-28,0,NA,NA,0,0,,,,,,
118,6_28,2018-06-28,1,NA,NA,0,0,,,,,,
119,6_28,2018-06-28,1,NA,NA,0,0,,,,,,
120,6_28,2018-06-28,1,NA,NA,0,0,,,,,,
121,6_28,2018-06-28,1,NA,NA,0,0,,,,,,
122,6_28,2018-06-28,1,NA,NA,0,0,,,,,,
123,6_28,2018-06-28,0,NA,NA,0,0,,,,,,
124,6_28,2018-06-28,1,NA,NA,0,0,,,,,,
125,6_28,2018-06-28,1,NA,NA,0,0,,,,,,
126,6_28,2018-06-28,0,NA,NA,0,0,,,,,,
127,6_28,2018-06-28,1,NA,NA,0,0,,,,,,
128,6_28,2018-06-28,1,NA,NA,0,0,,,,,,
129,6_28,2018-06-28,1,NA,NA,0,0,,,,,,
130,6_28,2018-06-28,1,NA,NA,0,0,,,,,,
131,6_28,2018-06-28,0,NA,NA,0,0,,,,,,
132,6_28,2018-06-28,1,NA,NA,0,0,,,,,,
133,6_28,2018-06-28,1,NA,NA,0,0,,,,,,
134,6_28,2018-06-28,1,NA,NA,0,0,,,,,,
135,6_28,2018-06-28,1,NA,NA,0,0,,,,,,
136,6_28,2018-06-28,1,NA,NA,0,0,,,,,,
137,6_28,2018-06-28,1,NA,NA,0,0,,,,,,
138,6_28,2018-06-28,1,NA,NA,0,0,,,,,,
139,6_28,2018-06-28,1,NA,NA,0,0,,,,,,
140,6_28,2018-06-28,1,NA,NA,0,0,,,,,,
141,6_28,2018-06-28,1,NA,NA,0,0,,,,,,
142,6_28,2018-06-28,1,NA,NA,0,0,,,,,,
143,6_28,2018-06-28,1,NA,NA,0,0,,,,,,
144,6_28,2018-06-28,1,NA,NA,0,0,,,,,,
145,6_28,2018-06-28,1,NA,NA,0,0,,,,,,
146,6_28,2018-06-28,1,NA,NA,0,0,,,,,,
147,6_28,2018-06-28,1,NA,NA,0,0,,,,,,
148,6_28,2018-06-28,1,NA,NA,0,0,,,,,,
149,6_28,2018-06-28,1,NA,NA,0,0,,,,,,
150,6_28,2018-06-28,1,NA,NA,0,0,,,,,,
151,6_28,2018-06-28,0,NA,NA,0,0,,,,,,
152,6_28,2018-06-28,1,NA,NA,0,0,,,,,,
153,6_28,2018-06-28,1,NA,NA,0,0,,,,,,
154,6_28,2018-06-28,1,NA,NA,0,0,,,,,,
155,6_28,2018-06-28,1,NA,NA,0,0,,,,,,
156,6_28,2018-06-28,1,NA,NA,0,0,,,,,,
157,6_28,2018-06-28,1,NA,NA,0,0,,,,,,
158,6_28,2018-06-28,1,NA,NA,0,0,,,,,,
159,6_28,2018-06-28,1,NA,NA,0,0,,,,,,
160,6_28,2018-06-28,1,NA,NA,0,0,,,,,,
161,6_28,2018-06-28,1,NA,NA,0,0,,,,,,
162,6_28,2018-06-28,1,NA,NA,0,0,,,,,,
163,6_28,2018-06-28,1,NA,NA,0,0,,,,,,
164,6_28,2018-06-28,1,NA,NA,0,0,,,,,,
165,6_28,2018-06-28,1,NA,NA,0,0,,,,,,
166,6_28,2018-06-28,1,NA,NA,0,0,,,,,,
167,6_28,2018-06-28,1,NA,NA,0,0,,,,,,
168,6_28,2018-06-28,1,NA,NA,0,0,,,,,,
169,6_28,2018-06-28,1,NA,NA,0,0,,,,,,
170,6_28,2018-06-28,1,NA,NA,0,0,,,,,,
171,6_28,2018-06-28,1,NA,NA,0,0,,,,,,
172,6_28,2018-06-28,1,NA,NA,0,0,,,,,,
173,6_28,2018-06-28,1,NA,NA,0,0,,,,,,
174,6_28,2018-06-28,1,NA,NA,0,0,,,,,,
175,6_28,2018-06-28,1,NA,NA,0,0,,,,,,
176,6_28,2018-06-28,1,NA,NA,0,0,,,,,,
177,6_28,2018-06-28,1,NA,NA,0,0,,,,,,
178,6_28,2018-06-28,1,NA,NA,0,0,,,,,,
179,6_28,2018-06-28,1,NA,NA,0,0,,,,,,
180,6_28,2018-06-28,1,NA,NA,0,0,,,,,,
91,6_29,2018-06-29,0,NA,NA,0,0,,,,,,
92,6_29,2018-06-29,1,NA,NA,0,0,,,,,,
93,6_29,2018-06-29,1,NA,NA,0,0,,,,,,
94,6_29,2018-06-29,0,NA,NA,0,0,,,,,,
95,6_29,2018-06-29,0,NA,NA,0,0,,,,,,
96,6_29,2018-06-29,0,NA,NA,0,0,,,,,,
97,6_29,2018-06-29,1,NA,NA,0,0,,,,,,
98,6_29,2018-06-29,1,NA,NA,0,0,,,,,,
99,6_29,2018-06-29,1,NA,NA,0,0,,,,,,
100,6_29,2018-06-29,1,NA,NA,0,0,,,,,,
101,6_29,2018-06-29,1,NA,NA,0,0,,,,,,
102,6_29,2018-06-29,1,NA,NA,0,0,,,,,,
103,6_29,2018-06-29,1,NA,NA,0,0,,,,,,
104,6_29,2018-06-29,1,NA,NA,0,0,,,,,,
105,6_29,2018-06-29,1,NA,NA,0,0,,,,,,
106,6_29,2018-06-29,1,NA,NA,0,0,,,,,,
107,6_29,2018-06-29,1,NA,NA,0,0,,,,,,
108,6_29,2018-06-29,1,NA,NA,0,0,,,,,,
109,6_29,2018-06-29,1,NA,NA,0,0,,,,,,
110,6_29,2018-06-29,1,NA,NA,0,0,,,,,,
111,6_29,2018-06-29,1,NA,NA,0,0,,,,,,
112,6_29,2018-06-29,1,NA,NA,0,0,,,,,,
113,6_29,2018-06-29,1,NA,NA,0,0,,,,,,
114,6_29,2018-06-29,1,NA,NA,0,0,,,,,,
115,6_29,2018-06-29,1,NA,NA,0,0,,,,,,
116,6_29,2018-06-29,0,NA,NA,0,0,,,,,,
117,6_29,2018-06-29,1,NA,NA,0,0,,,,,,
118,6_29,2018-06-29,1,NA,NA,0,0,,,,,,
119,6_29,2018-06-29,0,NA,NA,0,0,,,,,,
120,6_29,2018-06-29,1,NA,NA,0,0,,,,,,
121,6_29,2018-06-29,1,NA,NA,0,0,,,,,,
122,6_29,2018-06-29,1,NA,NA,0,0,,,,,,
123,6_29,2018-06-29,0,NA,NA,0,0,,,,,,
124,6_29,2018-06-29,1,NA,NA,0,0,,,,,,
125,6_29,2018-06-29,1,NA,NA,0,0,,,,,,
126,6_29,2018-06-29,0,NA,NA,0,0,,,,,,
127,6_29,2018-06-29,1,NA,NA,0,0,,,,,,
128,6_29,2018-06-29,1,NA,NA,0,0,,,,,,
129,6_29,2018-06-29,1,NA,NA,0,0,,,,,,
130,6_29,2018-06-29,1,NA,NA,0,0,,,,,,
131,6_29,2018-06-29,0,NA,NA,0,0,,,,,,
132,6_29,2018-06-29,1,NA,NA,0,0,,,,,,
133,6_29,2018-06-29,1,NA,NA,0,0,,,,,,
134,6_29,2018-06-29,1,NA,NA,0,0,,,,,,
135,6_29,2018-06-29,1,NA,NA,0,0,,,,,,
136,6_29,2018-06-29,1,NA,NA,0,0,,,,,,
137,6_29,2018-06-29,1,NA,NA,0,0,,,,,,
138,6_29,2018-06-29,0,NA,NA,0,0,,,,,,
139,6_29,2018-06-29,1,NA,NA,0,0,,,,,,
140,6_29,2018-06-29,1,NA,NA,0,0,,,,,,
141,6_29,2018-06-29,1,NA,NA,0,0,,,,,,
142,6_29,2018-06-29,1,NA,NA,0,0,,,,,,
143,6_29,2018-06-29,1,NA,NA,0,0,,,,,,
144,6_29,2018-06-29,1,NA,NA,0,0,,,,,,
145,6_29,2018-06-29,1,NA,NA,0,0,,,,,,
146,6_29,2018-06-29,1,NA,NA,0,0,,,,,,
147,6_29,2018-06-29,1,NA,NA,0,0,,,,,,
148,6_29,2018-06-29,1,NA,NA,0,0,,,,,,
149,6_29,2018-06-29,1,NA,NA,0,0,,,,,,
150,6_29,2018-06-29,1,NA,NA,0,0,,,,,,
151,6_29,2018-06-29,0,NA,NA,0,0,,,,,,
152,6_29,2018-06-29,1,NA,NA,0,0,,,,,,
153,6_29,2018-06-29,1,NA,NA,0,0,,,,,,
154,6_29,2018-06-29,1,NA,NA,0,0,,,,,,
155,6_29,2018-06-29,1,NA,NA,0,0,,,,,,
156,6_29,2018-06-29,1,NA,NA,0,0,,,,,,
157,6_29,2018-06-29,1,NA,NA,0,0,,,,,,
158,6_29,2018-06-29,1,NA,NA,0,0,,,,,,
159,6_29,2018-06-29,1,NA,NA,0,0,,,,,,
160,6_29,2018-06-29,1,NA,NA,0,0,,,,,,
161,6_29,2018-06-29,1,NA,NA,0,0,,,,,,
162,6_29,2018-06-29,1,NA,NA,0,0,,,,,,
163,6_29,2018-06-29,1,NA,NA,0,0,,,,,,
164,6_29,2018-06-29,1,NA,NA,0,0,,,,,,
165,6_29,2018-06-29,1,NA,NA,0,0,,,,,,
166,6_29,2018-06-29,1,NA,NA,0,0,,,,,,
167,6_29,2018-06-29,1,NA,NA,0,0,,,,,,
168,6_29,2018-06-29,1,NA,NA,0,0,,,,,,
169,6_29,2018-06-29,1,NA,NA,0,0,,,,,,
170,6_29,2018-06-29,1,NA,NA,0,0,,,,,,
171,6_29,2018-06-29,1,NA,NA,0,0,,,,,,
172,6_29,2018-06-29,1,NA,NA,0,0,,,,,,
173,6_29,2018-06-29,1,NA,NA,0,0,,,,,,
174,6_29,2018-06-29,1,NA,NA,0,0,,,,,,
175,6_29,2018-06-29,1,NA,NA,0,0,,,,,,
176,6_29,2018-06-29,1,NA,NA,0,0,,,,,,
177,6_29,2018-06-29,1,NA,NA,0,0,,,,,,
178,6_29,2018-06-29,1,NA,NA,0,0,,,,,,
179,6_29,2018-06-29,1,NA,NA,0,0,,,,,,
180,6_29,2018-06-29,1,NA,NA,0,0,,,,,,
91,6_30,2018-06-30,0,NA,NA,0,0,,,,,,
92,6_30,2018-06-30,1,NA,NA,0,0,,,,,,
93,6_30,2018-06-30,1,NA,NA,0,0,,,,,,
94,6_30,2018-06-30,0,NA,NA,0,0,,,,,,
95,6_30,2018-06-30,0,NA,NA,0,0,,,,,,
96,6_30,2018-06-30,0,NA,NA,0,0,,,,,,
97,6_30,2018-06-30,1,NA,NA,0,0,,,,,,
98,6_30,2018-06-30,1,NA,NA,0,0,,,,,,
99,6_30,2018-06-30,1,NA,NA,0,0,,,,,,
100,6_30,2018-06-30,1,NA,NA,0,0,,,,,,
101,6_30,2018-06-30,1,NA,NA,0,0,,,,,,
102,6_30,2018-06-30,1,NA,NA,0,0,,,,,,
103,6_30,2018-06-30,1,NA,NA,0,0,,,,,,
104,6_30,2018-06-30,1,NA,NA,0,0,,,,,,
105,6_30,2018-06-30,1,NA,NA,0,0,,,,,,
106,6_30,2018-06-30,1,NA,NA,0,0,,,,,,
107,6_30,2018-06-30,1,NA,NA,0,0,,,,,,
108,6_30,2018-06-30,1,NA,NA,0,0,,,,,,
109,6_30,2018-06-30,1,NA,NA,0,0,,,,,,
110,6_30,2018-06-30,1,NA,NA,0,0,,,,,,
111,6_30,2018-06-30,1,NA,NA,0,0,,,,,,
112,6_30,2018-06-30,1,NA,NA,0,0,,,,,,
113,6_30,2018-06-30,1,NA,NA,0,0,,,,,,
114,6_30,2018-06-30,1,NA,NA,0,0,,,,,,
115,6_30,2018-06-30,1,NA,NA,0,0,,,,,,
116,6_30,2018-06-30,0,NA,NA,0,0,,,,,,
117,6_30,2018-06-30,0,NA,NA,0,0,,,,,,
118,6_30,2018-06-30,1,NA,NA,0,0,,,,,,
119,6_30,2018-06-30,0,NA,NA,0,0,,,,,,
120,6_30,2018-06-30,1,NA,NA,0,0,,,,,,
121,6_30,2018-06-30,1,NA,NA,0,0,,,,,,
122,6_30,2018-06-30,0,NA,NA,0,0,,,,,,
123,6_30,2018-06-30,0,NA,NA,0,0,,,,,,
124,6_30,2018-06-30,1,NA,NA,0,0,,,,,,
125,6_30,2018-06-30,1,NA,NA,0,0,,,,,,
126,6_30,2018-06-30,0,NA,NA,0,0,,,,,,
127,6_30,2018-06-30,1,NA,NA,0,0,,,,,,
128,6_30,2018-06-30,1,NA,NA,0,0,,,,,,
129,6_30,2018-06-30,1,NA,NA,0,0,,,,,,
130,6_30,2018-06-30,1,NA,NA,0,0,,,,,,
131,6_30,2018-06-30,0,NA,NA,0,0,,,,,,
132,6_30,2018-06-30,1,NA,NA,0,0,,,,,,
133,6_30,2018-06-30,1,NA,NA,0,0,,,,,,
134,6_30,2018-06-30,1,NA,NA,0,0,,,,,,
135,6_30,2018-06-30,1,NA,NA,0,0,,,,,,
136,6_30,2018-06-30,1,NA,NA,0,0,,,,,,
137,6_30,2018-06-30,1,NA,NA,0,0,,,,,,
138,6_30,2018-06-30,0,NA,NA,0,0,,,,,,
139,6_30,2018-06-30,1,NA,NA,0,0,,,,,,
140,6_30,2018-06-30,1,NA,NA,0,0,,,,,,
141,6_30,2018-06-30,1,NA,NA,0,0,,,,,,
142,6_30,2018-06-30,1,NA,NA,0,0,,,,,,
143,6_30,2018-06-30,1,NA,NA,0,0,,,,,,
144,6_30,2018-06-30,1,NA,NA,0,0,,,,,,
145,6_30,2018-06-30,1,NA,NA,0,0,,,,,,
146,6_30,2018-06-30,1,NA,NA,0,0,,,,,,
147,6_30,2018-06-30,0,NA,NA,0,0,,,,,,
148,6_30,2018-06-30,1,NA,NA,0,0,,,,,,
149,6_30,2018-06-30,1,NA,NA,0,0,,,,,,
150,6_30,2018-06-30,1,NA,NA,0,0,,,,,,
151,6_30,2018-06-30,0,NA,NA,0,0,,,,,,
152,6_30,2018-06-30,1,NA,NA,0,0,,,,,,
153,6_30,2018-06-30,1,NA,NA,0,0,,,,,,
154,6_30,2018-06-30,1,NA,NA,0,0,,,,,,
155,6_30,2018-06-30,1,NA,NA,0,0,,,,,,
156,6_30,2018-06-30,1,NA,NA,0,0,,,,,,
157,6_30,2018-06-30,1,NA,NA,0,0,,,,,,
158,6_30,2018-06-30,1,NA,NA,0,0,,,,,,
159,6_30,2018-06-30,1,NA,NA,0,0,,,,,,
160,6_30,2018-06-30,1,NA,NA,0,0,,,,,,
161,6_30,2018-06-30,1,NA,NA,0,0,,,,,,
162,6_30,2018-06-30,1,NA,NA,0,0,,,,,,
163,6_30,2018-06-30,1,NA,NA,0,0,,,,,,
164,6_30,2018-06-30,1,NA,NA,0,0,,,,,,
165,6_30,2018-06-30,1,NA,NA,0,0,,,,,,
166,6_30,2018-06-30,1,NA,NA,0,0,,,,,,
167,6_30,2018-06-30,1,NA,NA,0,0,,,,,,
168,6_30,2018-06-30,1,NA,NA,0,0,,,,,,
169,6_30,2018-06-30,1,NA,NA,0,0,,,,,,
170,6_30,2018-06-30,1,NA,NA,0,0,,,,,,
171,6_30,2018-06-30,1,NA,NA,0,0,,,,,,
172,6_30,2018-06-30,1,NA,NA,0,0,,,,,,
173,6_30,2018-06-30,1,NA,NA,0,0,,,,,,
174,6_30,2018-06-30,1,NA,NA,0,0,,,,,,
175,6_30,2018-06-30,1,NA,NA,0,0,,,,,,
176,6_30,2018-06-30,1,NA,NA,0,0,,,,,,
177,6_30,2018-06-30,1,NA,NA,0,0,,,,,,
178,6_30,2018-06-30,1,NA,NA,0,0,,,,,,
179,6_30,2018-06-30,1,NA,NA,0,0,,,,,,
180,6_30,2018-06-30,1,NA,NA,0,0,,,,,,
91,7_01,2018-07-01,0,NA,NA,0,0,,,,,,
92,7_01,2018-07-01,1,NA,NA,0,0,,,,,,
93,7_01,2018-07-01,1,NA,NA,0,0,,,,,,
94,7_01,2018-07-01,0,NA,NA,0,0,,,,,,
95,7_01,2018-07-01,0,NA,NA,0,0,,,,,,
96,7_01,2018-07-01,0,NA,NA,0,0,,,,,,
97,7_01,2018-07-01,1,NA,NA,0,0,,,,,,
98,7_01,2018-07-01,1,NA,NA,0,0,,,,,,
99,7_01,2018-07-01,1,NA,NA,0,0,,,,,,
100,7_01,2018-07-01,1,NA,NA,0,0,,,,,,
101,7_01,2018-07-01,1,NA,NA,0,0,,,,,,
102,7_01,2018-07-01,1,NA,NA,0,0,,,,,,
103,7_01,2018-07-01,1,NA,NA,0,0,,,,,,
104,7_01,2018-07-01,1,NA,NA,0,0,,,,,,
105,7_01,2018-07-01,1,NA,NA,0,0,,,,,,
106,7_01,2018-07-01,1,NA,NA,0,0,,,,,,
107,7_01,2018-07-01,1,NA,NA,0,0,,,,,,
108,7_01,2018-07-01,1,NA,NA,0,0,,,,,,
109,7_01,2018-07-01,1,NA,NA,0,0,,,,,,
110,7_01,2018-07-01,1,NA,NA,0,0,,,,,,
111,7_01,2018-07-01,1,NA,NA,0,0,,,,,,
112,7_01,2018-07-01,1,NA,NA,0,0,,,,,,
113,7_01,2018-07-01,1,NA,NA,0,0,,,,,,
114,7_01,2018-07-01,1,NA,NA,0,0,,,,,,
115,7_01,2018-07-01,1,NA,NA,0,0,,,,,,
116,7_01,2018-07-01,0,NA,NA,0,0,,,,,,
117,7_01,2018-07-01,0,NA,NA,0,0,,,,,,
118,7_01,2018-07-01,1,NA,NA,0,0,,,,,,
119,7_01,2018-07-01,0,NA,NA,0,0,,,,,,
120,7_01,2018-07-01,1,NA,NA,0,0,,,,,,
121,7_01,2018-07-01,1,NA,NA,0,0,,,,,,
122,7_01,2018-07-01,0,NA,NA,0,0,,,,,,
123,7_01,2018-07-01,0,NA,NA,0,0,,,,,,
124,7_01,2018-07-01,1,NA,NA,0,0,,,,,,
125,7_01,2018-07-01,1,NA,NA,0,0,,,,,,
126,7_01,2018-07-01,0,NA,NA,0,0,,,,,,
127,7_01,2018-07-01,1,NA,NA,0,0,,,,,,
128,7_01,2018-07-01,1,NA,NA,0,0,,,,,,
129,7_01,2018-07-01,1,NA,NA,0,0,,,,,,
130,7_01,2018-07-01,1,NA,NA,0,0,,,,,,
131,7_01,2018-07-01,0,NA,NA,0,0,,,,,,
132,7_01,2018-07-01,1,NA,NA,0,0,,,,,,
133,7_01,2018-07-01,1,NA,NA,0,0,,,,,,
134,7_01,2018-07-01,1,NA,NA,0,0,,,,,,
135,7_01,2018-07-01,1,NA,NA,0,0,,,,,,
136,7_01,2018-07-01,1,NA,NA,0,0,,,,,,
137,7_01,2018-07-01,1,NA,NA,0,0,,,,,,
138,7_01,2018-07-01,0,NA,NA,0,0,,,,,,
139,7_01,2018-07-01,1,NA,NA,0,0,,,,,,
140,7_01,2018-07-01,1,NA,NA,0,0,,,,,,
141,7_01,2018-07-01,1,NA,NA,0,0,,,,,,
142,7_01,2018-07-01,1,NA,NA,0,0,,,,,,
143,7_01,2018-07-01,1,NA,NA,0,0,,,,,,
144,7_01,2018-07-01,1,NA,NA,0,0,,,,,,
145,7_01,2018-07-01,1,NA,NA,0,0,,,,,,
146,7_01,2018-07-01,1,NA,NA,0,0,,,,,,
147,7_01,2018-07-01,1,NA,NA,0,0,,,,,,
148,7_01,2018-07-01,1,NA,NA,0,0,,,,,,
149,7_01,2018-07-01,1,NA,NA,0,0,,,,,,
150,7_01,2018-07-01,1,NA,NA,0,0,,,,,,
151,7_01,2018-07-01,0,NA,NA,0,0,,,,,,
152,7_01,2018-07-01,1,NA,NA,0,0,,,,,,
153,7_01,2018-07-01,1,NA,NA,0,0,,,,,,
154,7_01,2018-07-01,1,NA,NA,0,0,,,,,,
155,7_01,2018-07-01,1,NA,NA,0,0,,,,,,
156,7_01,2018-07-01,1,NA,NA,0,0,,,,,,
157,7_01,2018-07-01,1,NA,NA,0,0,,,,,,
158,7_01,2018-07-01,1,NA,NA,0,0,,,,,,
159,7_01,2018-07-01,1,NA,NA,0,0,,,,,,
160,7_01,2018-07-01,1,NA,NA,0,0,,,,,,
161,7_01,2018-07-01,1,NA,NA,0,0,,,,,,
162,7_01,2018-07-01,1,NA,NA,0,0,,,,,,
163,7_01,2018-07-01,1,NA,NA,0,0,,,,,,
164,7_01,2018-07-01,1,NA,NA,0,0,,,,,,
165,7_01,2018-07-01,1,NA,NA,0,0,,,,,,
166,7_01,2018-07-01,1,NA,NA,0,0,,,,,,
167,7_01,2018-07-01,1,NA,NA,0,0,,,,,,
168,7_01,2018-07-01,1,NA,NA,0,0,,,,,,
169,7_01,2018-07-01,1,NA,NA,0,0,,,,,,
170,7_01,2018-07-01,1,NA,NA,0,0,,,,,,
171,7_01,2018-07-01,1,NA,NA,0,0,,,,,,
172,7_01,2018-07-01,1,NA,NA,0,0,,,,,,
173,7_01,2018-07-01,1,NA,NA,0,0,,,,,,
174,7_01,2018-07-01,1,NA,NA,0,0,,,,,,
175,7_01,2018-07-01,1,NA,NA,0,0,,,,,,
176,7_01,2018-07-01,1,NA,NA,0,0,,,,,,
177,7_01,2018-07-01,1,NA,NA,0,0,,,,,,
178,7_01,2018-07-01,1,NA,NA,0,0,,,,,,
179,7_01,2018-07-01,1,NA,NA,0,0,,,,,,
180,7_01,2018-07-01,1,NA,NA,0,0,,,,,,
91,7_05,2018-07-05,0,NA,NA,0,0,,,,,,
92,7_05,2018-07-05,1,NA,NA,0,0,,,,,,
93,7_05,2018-07-05,1,NA,NA,0,0,,,,,,
94,7_05,2018-07-05,0,NA,NA,0,0,,,,,,
95,7_05,2018-07-05,0,NA,NA,0,0,,,,,,
96,7_05,2018-07-05,0,NA,NA,0,0,,,,,,
97,7_05,2018-07-05,1,NA,NA,0,0,,,,,,
98,7_05,2018-07-05,1,NA,NA,0,0,,,,,,
99,7_05,2018-07-05,1,NA,NA,0,0,,,,,,
100,7_05,2018-07-05,1,NA,NA,0,0,,,,,,
101,7_05,2018-07-05,1,NA,NA,0,0,,,,,,
102,7_05,2018-07-05,1,NA,NA,0,0,,,,,,
103,7_05,2018-07-05,1,NA,NA,0,0,,,,,,
104,7_05,2018-07-05,1,NA,NA,0,0,,,,,,
105,7_05,2018-07-05,1,NA,NA,0,0,,,,,,
106,7_05,2018-07-05,1,NA,NA,0,0,,,,,,
107,7_05,2018-07-05,1,NA,NA,0,0,,,,,,
108,7_05,2018-07-05,1,NA,NA,0,0,,,,,,
109,7_05,2018-07-05,1,NA,NA,0,1,,,,,,
110,7_05,2018-07-05,1,NA,NA,0,0,,,,,,
111,7_05,2018-07-05,1,NA,NA,0,0,,,,,,
112,7_05,2018-07-05,1,NA,NA,0,0,,,,,,
113,7_05,2018-07-05,1,NA,NA,0,0,,,,,,
114,7_05,2018-07-05,1,NA,NA,0,0,,,,,,
115,7_05,2018-07-05,1,NA,NA,0,0,,,,,,
116,7_05,2018-07-05,1,NA,NA,0,0,,,,,,
117,7_05,2018-07-05,1,NA,NA,0,0,,,,,,
118,7_05,2018-07-05,1,NA,NA,0,0,,,,,,
119,7_05,2018-07-05,0,NA,NA,0,0,,,,,,
120,7_05,2018-07-05,1,NA,NA,0,0,,,,,,
121,7_05,2018-07-05,1,NA,NA,0,0,,,,,,
122,7_05,2018-07-05,0,NA,NA,0,0,,,,,,
123,7_05,2018-07-05,0,NA,NA,0,0,,,,,,
124,7_05,2018-07-05,1,NA,NA,0,0,,,,,,
125,7_05,2018-07-05,1,NA,NA,0,0,,,,,,
126,7_05,2018-07-05,0,NA,NA,0,0,,,,,,
127,7_05,2018-07-05,1,NA,NA,0,0,,,,,,
128,7_05,2018-07-05,1,NA,NA,0,0,,,,,,
129,7_05,2018-07-05,1,NA,NA,0,0,,,,,,
130,7_05,2018-07-05,1,NA,NA,0,0,,,,,,
131,7_05,2018-07-05,1,NA,NA,0,0,,,,,,
132,7_05,2018-07-05,1,NA,NA,0,0,,,,,,
133,7_05,2018-07-05,1,NA,NA,0,0,,,,,,
134,7_05,2018-07-05,1,NA,NA,0,0,,,,,,
135,7_05,2018-07-05,1,NA,NA,0,0,,,,,,
136,7_05,2018-07-05,1,NA,NA,0,1,,,,,,
137,7_05,2018-07-05,1,NA,NA,0,0,,,,,,
138,7_05,2018-07-05,1,NA,NA,0,0,,,,,,
139,7_05,2018-07-05,1,NA,NA,0,0,,,,,,
140,7_05,2018-07-05,1,NA,NA,1,0,,,,,,
141,7_05,2018-07-05,1,NA,NA,0,0,,,,,,
142,7_05,2018-07-05,1,NA,NA,0,0,,,,,,
143,7_05,2018-07-05,1,NA,NA,0,0,,,,,,
144,7_05,2018-07-05,1,NA,NA,0,0,,,,,,
145,7_05,2018-07-05,1,NA,NA,0,0,,,,,,
146,7_05,2018-07-05,1,NA,NA,0,1,,,,,,
147,7_05,2018-07-05,1,NA,NA,0,0,,,,,,
148,7_05,2018-07-05,1,NA,NA,0,1,,,,,,
149,7_05,2018-07-05,1,NA,NA,0,0,,,,,,
150,7_05,2018-07-05,1,NA,NA,0,0,,,,,,
151,7_05,2018-07-05,0,NA,NA,0,0,,,,,,
152,7_05,2018-07-05,1,NA,NA,0,0,,,,,,
153,7_05,2018-07-05,1,NA,NA,0,0,,,,,,
154,7_05,2018-07-05,1,NA,NA,0,0,,,,,,
155,7_05,2018-07-05,1,NA,NA,0,0,,,,,,
156,7_05,2018-07-05,1,NA,NA,0,0,,,,,,
157,7_05,2018-07-05,1,NA,NA,0,1,,,,,,
158,7_05,2018-07-05,1,NA,NA,0,1,,,,,,
159,7_05,2018-07-05,1,NA,NA,0,0,,,,,,
160,7_05,2018-07-05,1,NA,NA,0,0,,,,,,
161,7_05,2018-07-05,1,NA,NA,0,0,,,,,,
162,7_05,2018-07-05,1,NA,NA,0,0,,,,,,
163,7_05,2018-07-05,1,NA,NA,0,0,,,,,,
164,7_05,2018-07-05,1,NA,NA,0,0,,,,,,
165,7_05,2018-07-05,1,NA,NA,0,0,,,,,,
166,7_05,2018-07-05,1,NA,NA,0,0,,,,,,
167,7_05,2018-07-05,1,NA,NA,0,0,,,,,,
168,7_05,2018-07-05,1,NA,NA,0,0,,,,,,
169,7_05,2018-07-05,1,NA,NA,0,0,,,,,,
170,7_05,2018-07-05,1,NA,NA,0,0,,,,,,
171,7_05,2018-07-05,1,NA,NA,0,0,,,,,,
172,7_05,2018-07-05,1,NA,NA,0,0,,,,,,
173,7_05,2018-07-05,1,NA,NA,0,0,,,,,,
174,7_05,2018-07-05,1,NA,NA,0,0,,,,,,
175,7_05,2018-07-05,1,NA,NA,0,0,,,,,,
176,7_05,2018-07-05,1,NA,NA,0,0,,,,,,
177,7_05,2018-07-05,1,NA,NA,0,0,,,,,,
178,7_05,2018-07-05,1,NA,NA,0,0,,,,,,
179,7_05,2018-07-05,1,NA,NA,0,0,,,,,,
180,7_05,2018-07-05,1,NA,NA,0,0,,,,,,
91,7_9,2018-07-09,0,NA,NA,0,0,,,,,,
92,7_9,2018-07-09,1,NA,NA,0,0,,,,,,
93,7_9,2018-07-09,1,NA,NA,0,0,,,,,,
94,7_9,2018-07-09,0,NA,NA,0,0,,,,,,
95,7_9,2018-07-09,0,NA,NA,0,0,,,,,,
96,7_9,2018-07-09,0,NA,NA,0,0,,,,,,
97,7_9,2018-07-09,1,NA,NA,0,0,,,,,,
98,7_9,2018-07-09,1,NA,NA,0,0,,,,,,
99,7_9,2018-07-09,1,NA,NA,0,0,,,,,,
100,7_9,2018-07-09,1,NA,NA,0,0,,,,,,
101,7_9,2018-07-09,1,NA,NA,0,0,,,,,,
102,7_9,2018-07-09,1,NA,NA,0,0,,,,,,
103,7_9,2018-07-09,1,NA,NA,0,0,,,,,,
104,7_9,2018-07-09,1,NA,NA,0,0,,,,,,
105,7_9,2018-07-09,1,NA,NA,0,0,,,,,,
106,7_9,2018-07-09,0,NA,NA,0,0,,,,,,
107,7_9,2018-07-09,1,NA,NA,0,0,,,,,,
108,7_9,2018-07-09,1,NA,NA,0,0,,,,,,
109,7_9,2018-07-09,1,NA,NA,0,0,,,,,,
110,7_9,2018-07-09,1,NA,NA,0,0,,,,,,
111,7_9,2018-07-09,1,NA,NA,0,0,,,,,,
112,7_9,2018-07-09,1,NA,NA,0,0,,,,,,
113,7_9,2018-07-09,1,NA,NA,0,0,,,,,,
114,7_9,2018-07-09,1,NA,NA,0,0,,,,,,
115,7_9,2018-07-09,1,NA,NA,0,0,,,,,,
116,7_9,2018-07-09,1,NA,NA,0,0,,,,,,
117,7_9,2018-07-09,1,NA,NA,0,0,,,,,,
118,7_9,2018-07-09,1,NA,NA,0,0,,,,,,
119,7_9,2018-07-09,0,NA,NA,0,0,,,,,,
120,7_9,2018-07-09,1,NA,NA,0,0,,,,,,
121,7_9,2018-07-09,1,NA,NA,0,0,,,,,,
122,7_9,2018-07-09,0,NA,NA,0,0,,,,,,
123,7_9,2018-07-09,0,NA,NA,0,0,,,,,,
124,7_9,2018-07-09,1,NA,NA,0,0,,,,,,
125,7_9,2018-07-09,1,NA,NA,0,0,,,,,,
126,7_9,2018-07-09,0,NA,NA,0,0,,,,,,
127,7_9,2018-07-09,1,NA,NA,0,0,,,,,,
128,7_9,2018-07-09,1,NA,NA,0,0,,,,,,
129,7_9,2018-07-09,1,NA,NA,0,0,,,,,,
130,7_9,2018-07-09,1,NA,NA,0,0,,,,,,
131,7_9,2018-07-09,0,NA,NA,0,0,,,,,,
132,7_9,2018-07-09,1,NA,NA,0,0,,,,,,
133,7_9,2018-07-09,1,NA,NA,0,0,,,,,,
134,7_9,2018-07-09,1,NA,NA,0,0,,,,,,
135,7_9,2018-07-09,1,NA,NA,0,0,,,,,,
136,7_9,2018-07-09,1,NA,NA,0,0,,,,,,
137,7_9,2018-07-09,1,NA,NA,0,0,,,,,,
138,7_9,2018-07-09,1,NA,NA,0,0,,,,,,
139,7_9,2018-07-09,1,NA,NA,0,0,,,,,,
140,7_9,2018-07-09,1,NA,NA,0,0,,,,,,
141,7_9,2018-07-09,1,NA,NA,0,0,,,,,,
142,7_9,2018-07-09,1,NA,NA,0,0,,,,,,
143,7_9,2018-07-09,1,NA,NA,0,0,,,,,,
144,7_9,2018-07-09,1,NA,NA,0,0,,,,,,
145,7_9,2018-07-09,1,NA,NA,0,0,,,,,,
146,7_9,2018-07-09,1,NA,NA,0,0,,,,,,
147,7_9,2018-07-09,1,NA,NA,0,0,,,,,,
148,7_9,2018-07-09,1,NA,NA,0,0,,,,,,
149,7_9,2018-07-09,1,NA,NA,0,0,,,,,,
150,7_9,2018-07-09,1,NA,NA,0,0,,,,,,
151,7_9,2018-07-09,1,NA,NA,0,0,,,,,,
152,7_9,2018-07-09,1,NA,NA,0,0,,,,,,
153,7_9,2018-07-09,1,NA,NA,0,0,,,,,,
154,7_9,2018-07-09,1,NA,NA,0,0,,,,,,
155,7_9,2018-07-09,1,NA,NA,0,0,,,,,,
156,7_9,2018-07-09,1,NA,NA,0,0,,,,,,
157,7_9,2018-07-09,1,NA,NA,0,0,,,,,,
158,7_9,2018-07-09,1,NA,NA,0,0,,,,,,
159,7_9,2018-07-09,1,NA,NA,0,0,,,,,,
160,7_9,2018-07-09,1,NA,NA,0,0,,,,,,
161,7_9,2018-07-09,1,NA,NA,0,0,,,,,,
162,7_9,2018-07-09,1,NA,NA,0,0,,,,,,
163,7_9,2018-07-09,1,NA,NA,0,0,,,,,,
164,7_9,2018-07-09,1,NA,NA,0,0,,,,,,
165,7_9,2018-07-09,1,NA,NA,0,0,,,,,,
166,7_9,2018-07-09,1,NA,NA,0,0,,,,,,
167,7_9,2018-07-09,1,NA,NA,0,0,,,,,,
168,7_9,2018-07-09,1,NA,NA,0,0,,,,,,
169,7_9,2018-07-09,1,NA,NA,0,0,,,,,,
170,7_9,2018-07-09,1,NA,NA,0,0,,,,,,
171,7_9,2018-07-09,1,NA,NA,0,0,,,,,,
172,7_9,2018-07-09,1,NA,NA,0,0,,,,,,
173,7_9,2018-07-09,1,NA,NA,0,0,,,,,,
174,7_9,2018-07-09,1,NA,NA,0,0,,,,,,
175,7_9,2018-07-09,1,NA,NA,0,0,,,,,,
176,7_9,2018-07-09,1,NA,NA,0,0,,,,,,
177,7_9,2018-07-09,1,NA,NA,0,0,,,,,,
178,7_9,2018-07-09,1,NA,NA,0,0,,,,,,
179,7_9,2018-07-09,1,NA,NA,0,0,,,,,,
180,7_9,2018-07-09,1,NA,NA,0,0,,,,,,
